date_time,maxtempC,mintempC,totalSnow_cm,sunHour,uvIndex,moon_illumination,moonrise,moonset,sunrise,sunset,DewPointC,FeelsLikeC,HeatIndexC,WindChillC,WindGustKmph,cloudcover,humidity,precipMM,pressure,tempC,visibility,winddirDegree,windspeedKmph
2021-02-15 00:00:00,-3,-9,6.5,2.8,1,20,08:58 AM,09:22 PM,08:11 AM,03:59 PM,-8,-12,-8,-12,16,100,95,1.6,1029,-9,2,208,9
2021-02-15 01:00:00,-3,-9,6.5,2.8,1,20,08:58 AM,09:22 PM,08:11 AM,03:59 PM,-7,-11,-7,-11,15,100,95,0.8,1028,-8,2,209,9
2021-02-15 02:00:00,-3,-9,6.5,2.8,1,20,08:58 AM,09:22 PM,08:11 AM,03:59 PM,-7,-10,-6,-10,14,100,95,0.6,1028,-7,2,210,9
2021-02-15 03:00:00,-3,-9,6.5,2.8,1,20,08:58 AM,09:22 PM,08:11 AM,03:59 PM,-6,-9,-5,-9,13,100,95,0.8,1027,-5,2,210,9
2021-02-15 04:00:00,-3,-9,6.5,2.8,1,20,08:58 AM,09:22 PM,08:11 AM,03:59 PM,-6,-9,-5,-9,13,99,95,0.4,1027,-5,2,207,8
2021-02-15 05:00:00,-3,-9,6.5,2.8,1,20,08:58 AM,09:22 PM,08:11 AM,03:59 PM,-6,-9,-5,-9,12,99,95,0.7,1027,-5,2,203,8
2021-02-15 06:00:00,-3,-9,6.5,2.8,1,20,08:58 AM,09:22 PM,08:11 AM,03:59 PM,-6,-9,-5,-9,12,99,96,0.9,1026,-5,2,199,7
2021-02-15 07:00:00,-3,-9,6.5,2.8,1,20,08:58 AM,09:22 PM,08:11 AM,03:59 PM,-6,-8,-5,-8,11,95,95,0.4,1026,-5,2,197,8
2021-02-15 08:00:00,-3,-9,6.5,2.8,1,20,08:58 AM,09:22 PM,08:11 AM,03:59 PM,-6,-8,-5,-8,11,92,94,0.4,1026,-5,2,194,8
2021-02-15 09:00:00,-3,-9,6.5,2.8,1,20,08:58 AM,09:22 PM,08:11 AM,03:59 PM,-5,-8,-4,-8,11,89,93,0.5,1025,-4,2,192,8
2021-02-15 10:00:00,-3,-9,6.5,2.8,1,20,08:58 AM,09:22 PM,08:11 AM,03:59 PM,-5,-7,-4,-7,10,81,90,0.3,1025,-4,4,183,8
2021-02-15 11:00:00,-3,-9,6.5,2.8,1,20,08:58 AM,09:22 PM,08:11 AM,03:59 PM,-5,-7,-4,-7,10,72,88,0.1,1025,-4,6,175,8
2021-02-15 12:00:00,-3,-9,6.5,2.8,1,20,08:58 AM,09:22 PM,08:11 AM,03:59 PM,-5,-7,-3,-7,9,63,86,0.1,1024,-3,7,166,8
2021-02-15 13:00:00,-3,-9,6.5,2.8,1,20,08:58 AM,09:22 PM,08:11 AM,03:59 PM,-6,-7,-4,-7,10,67,85,0,1024,-4,8,151,8
2021-02-15 14:00:00,-3,-9,6.5,2.8,1,20,08:58 AM,09:22 PM,08:11 AM,03:59 PM,-6,-7,-4,-7,11,70,84,0,1023,-4,9,136,8
2021-02-15 15:00:00,-3,-9,6.5,2.8,1,20,08:58 AM,09:22 PM,08:11 AM,03:59 PM,-7,-8,-4,-8,12,74,83,0,1023,-4,9,121,8
2021-02-15 16:00:00,-3,-9,6.5,2.8,1,20,08:58 AM,09:22 PM,08:11 AM,03:59 PM,-7,-8,-4,-8,13,80,82,0,1023,-4,9,115,8
2021-02-15 17:00:00,-3,-9,6.5,2.8,1,20,08:58 AM,09:22 PM,08:11 AM,03:59 PM,-7,-8,-5,-8,14,87,81,0,1022,-5,10,110,8
2021-02-15 18:00:00,-3,-9,6.5,2.8,1,20,08:58 AM,09:22 PM,08:11 AM,03:59 PM,-8,-8,-5,-8,14,94,81,0,1022,-5,10,105,8
2021-02-15 19:00:00,-3,-9,6.5,2.8,1,20,08:58 AM,09:22 PM,08:11 AM,03:59 PM,-8,-9,-5,-9,15,75,79,0,1022,-5,10,105,8
2021-02-15 20:00:00,-3,-9,6.5,2.8,1,20,08:58 AM,09:22 PM,08:11 AM,03:59 PM,-8,-9,-5,-9,15,57,78,0,1022,-5,10,106,9
2021-02-15 21:00:00,-3,-9,6.5,2.8,1,20,08:58 AM,09:22 PM,08:11 AM,03:59 PM,-9,-9,-5,-9,16,38,77,0,1022,-5,10,106,9
2021-02-15 22:00:00,-3,-9,6.5,2.8,1,20,08:58 AM,09:22 PM,08:11 AM,03:59 PM,-10,-10,-6,-10,18,25,74,0,1021,-6,10,107,9
2021-02-15 23:00:00,-3,-9,6.5,2.8,1,20,08:58 AM,09:22 PM,08:11 AM,03:59 PM,-11,-11,-6,-11,20,13,72,0,1021,-6,10,108,10
2021-02-16 00:00:00,-6,-11,0,8,2,27,08:46 AM,11:00 PM,08:06 AM,04:04 PM,-11,-12,-7,-12,22,0,69,0,1021,-7,10,109,11
2021-02-16 01:00:00,-6,-11,0,8,2,27,08:46 AM,11:00 PM,08:06 AM,04:04 PM,-12,-13,-7,-13,23,0,68,0,1021,-7,10,110,11
2021-02-16 02:00:00,-6,-11,0,8,2,27,08:46 AM,11:00 PM,08:06 AM,04:04 PM,-13,-13,-8,-13,24,0,66,0,1021,-8,10,111,12
2021-02-16 03:00:00,-6,-11,0,8,2,27,08:46 AM,11:00 PM,08:06 AM,04:04 PM,-14,-14,-9,-14,24,0,65,0,1020,-9,10,112,12
2021-02-16 04:00:00,-6,-11,0,8,2,27,08:46 AM,11:00 PM,08:06 AM,04:04 PM,-15,-15,-9,-15,26,0,64,0,1020,-9,10,112,12
2021-02-16 05:00:00,-6,-11,0,8,2,27,08:46 AM,11:00 PM,08:06 AM,04:04 PM,-15,-16,-10,-16,27,0,64,0,1020,-10,10,113,13
2021-02-16 06:00:00,-6,-11,0,8,2,27,08:46 AM,11:00 PM,08:06 AM,04:04 PM,-16,-16,-10,-16,28,0,64,0,1020,-10,10,113,13
2021-02-16 07:00:00,-6,-11,0,8,2,27,08:46 AM,11:00 PM,08:06 AM,04:04 PM,-15,-16,-9,-16,27,0,65,0,1020,-9,10,113,14
2021-02-16 08:00:00,-6,-11,0,8,2,27,08:46 AM,11:00 PM,08:06 AM,04:04 PM,-14,-15,-9,-15,26,0,66,0,1020,-9,10,113,14
2021-02-16 09:00:00,-6,-11,0,8,2,27,08:46 AM,11:00 PM,08:06 AM,04:04 PM,-13,-14,-8,-14,25,0,67,0,1020,-8,10,113,14
2021-02-16 10:00:00,-6,-11,0,8,2,27,08:46 AM,11:00 PM,08:06 AM,04:04 PM,-12,-13,-7,-13,24,7,68,0,1020,-7,10,112,14
2021-02-16 11:00:00,-6,-11,0,8,2,27,08:46 AM,11:00 PM,08:06 AM,04:04 PM,-11,-12,-6,-12,22,14,69,0,1020,-6,10,112,14
2021-02-16 12:00:00,-6,-11,0,8,2,27,08:46 AM,11:00 PM,08:06 AM,04:04 PM,-10,-11,-6,-11,21,22,69,0,1020,-6,10,111,13
2021-02-16 13:00:00,-6,-11,0,8,2,27,08:46 AM,11:00 PM,08:06 AM,04:04 PM,-11,-11,-6,-11,21,19,70,0,1020,-6,10,112,13
2021-02-16 14:00:00,-6,-11,0,8,2,27,08:46 AM,11:00 PM,08:06 AM,04:04 PM,-11,-12,-6,-12,22,15,70,0,1020,-6,10,112,13
2021-02-16 15:00:00,-6,-11,0,8,2,27,08:46 AM,11:00 PM,08:06 AM,04:04 PM,-11,-12,-6,-12,23,12,70,0,1019,-6,10,113,13
2021-02-16 16:00:00,-6,-11,0,8,2,27,08:46 AM,11:00 PM,08:06 AM,04:04 PM,-11,-12,-7,-12,24,10,69,0,1019,-7,10,114,13
2021-02-16 17:00:00,-6,-11,0,8,2,27,08:46 AM,11:00 PM,08:06 AM,04:04 PM,-12,-13,-7,-13,24,7,69,0,1019,-7,10,115,14
2021-02-16 18:00:00,-6,-11,0,8,2,27,08:46 AM,11:00 PM,08:06 AM,04:04 PM,-12,-13,-7,-13,25,4,68,0,1019,-7,10,116,14
2021-02-16 19:00:00,-6,-11,0,8,2,27,08:46 AM,11:00 PM,08:06 AM,04:04 PM,-12,-13,-8,-13,25,4,67,0,1019,-8,10,116,14
2021-02-16 20:00:00,-6,-11,0,8,2,27,08:46 AM,11:00 PM,08:06 AM,04:04 PM,-13,-13,-9,-13,26,4,66,0,1018,-10,10,116,13
2021-02-16 21:00:00,-6,-11,0,8,2,27,08:46 AM,11:00 PM,08:06 AM,04:04 PM,-13,-13,-10,-13,26,5,65,0,1018,-11,10,116,13
2021-02-16 22:00:00,-6,-11,0,8,2,27,08:46 AM,11:00 PM,08:06 AM,04:04 PM,-13,-12,-9,-12,26,4,62,0,1018,-10,10,117,13
2021-02-16 23:00:00,-6,-11,0,8,2,27,08:46 AM,11:00 PM,08:06 AM,04:04 PM,-13,-12,-8,-12,26,4,59,0,1018,-9,10,117,13
2021-02-17 00:00:00,-4,-8,0,8.1,2,35,08:33 AM,No moonset,08:02 AM,04:08 PM,-13,-12,-7,-12,26,3,57,0,1019,-8,10,117,13
2021-02-17 01:00:00,-4,-8,0,8.1,2,35,08:33 AM,No moonset,08:02 AM,04:08 PM,-13,-11,-7,-11,26,4,56,0,1018,-7,10,118,13
2021-02-17 02:00:00,-4,-8,0,8.1,2,35,08:33 AM,No moonset,08:02 AM,04:08 PM,-14,-11,-6,-11,27,4,55,0,1018,-7,10,118,13
2021-02-17 03:00:00,-4,-8,0,8.1,2,35,08:33 AM,No moonset,08:02 AM,04:08 PM,-14,-11,-6,-11,27,5,53,0,1017,-6,10,119,13
2021-02-17 04:00:00,-4,-8,0,8.1,2,35,08:33 AM,No moonset,08:02 AM,04:08 PM,-14,-11,-6,-11,27,6,52,0,1017,-6,10,119,13
2021-02-17 05:00:00,-4,-8,0,8.1,2,35,08:33 AM,No moonset,08:02 AM,04:08 PM,-14,-11,-6,-11,27,7,51,0,1017,-6,10,119,13
2021-02-17 06:00:00,-4,-8,0,8.1,2,35,08:33 AM,No moonset,08:02 AM,04:08 PM,-14,-11,-6,-11,27,8,50,0,1016,-6,10,120,13
2021-02-17 07:00:00,-4,-8,0,8.1,2,35,08:33 AM,No moonset,08:02 AM,04:08 PM,-14,-10,-5,-10,26,9,49,0,1016,-5,10,119,12
2021-02-17 08:00:00,-4,-8,0,8.1,2,35,08:33 AM,No moonset,08:02 AM,04:08 PM,-14,-9,-5,-9,24,10,47,0,1016,-5,10,118,11
2021-02-17 09:00:00,-4,-8,0,8.1,2,35,08:33 AM,No moonset,08:02 AM,04:08 PM,-14,-9,-5,-9,22,11,46,0,1016,-5,10,117,10
2021-02-17 10:00:00,-4,-8,0,8.1,2,35,08:33 AM,No moonset,08:02 AM,04:08 PM,-14,-8,-4,-8,18,10,46,0,1016,-4,10,124,9
2021-02-17 11:00:00,-4,-8,0,8.1,2,35,08:33 AM,No moonset,08:02 AM,04:08 PM,-14,-6,-4,-6,14,10,46,0,1016,-4,10,131,7
2021-02-17 12:00:00,-4,-8,0,8.1,2,35,08:33 AM,No moonset,08:02 AM,04:08 PM,-14,-5,-4,-5,9,9,46,0,1016,-4,10,137,5
2021-02-17 13:00:00,-4,-8,0,8.1,2,35,08:33 AM,No moonset,08:02 AM,04:08 PM,-14,-6,-4,-6,9,7,45,0,1015,-4,10,139,5
2021-02-17 14:00:00,-4,-8,0,8.1,2,35,08:33 AM,No moonset,08:02 AM,04:08 PM,-15,-6,-5,-6,9,5,45,0,1015,-5,10,141,4
2021-02-17 15:00:00,-4,-8,0,8.1,2,35,08:33 AM,No moonset,08:02 AM,04:08 PM,-15,-7,-5,-7,9,3,44,0,1015,-5,10,143,4
2021-02-17 16:00:00,-4,-8,0,8.1,2,35,08:33 AM,No moonset,08:02 AM,04:08 PM,-16,-7,-5,-7,9,4,44,0,1015,-5,10,145,4
2021-02-17 17:00:00,-4,-8,0,8.1,2,35,08:33 AM,No moonset,08:02 AM,04:08 PM,-16,-8,-6,-8,9,5,43,0,1015,-6,10,147,4
2021-02-17 18:00:00,-4,-8,0,8.1,2,35,08:33 AM,No moonset,08:02 AM,04:08 PM,-17,-8,-7,-8,8,6,43,0,1015,-7,10,148,4
2021-02-17 19:00:00,-4,-8,0,8.1,2,35,08:33 AM,No moonset,08:02 AM,04:08 PM,-18,-9,-7,-9,9,7,42,0,1015,-7,10,145,4
2021-02-17 20:00:00,-4,-8,0,8.1,2,35,08:33 AM,No moonset,08:02 AM,04:08 PM,-18,-9,-7,-9,9,7,41,0,1015,-7,10,142,4
2021-02-17 21:00:00,-4,-8,0,8.1,2,35,08:33 AM,No moonset,08:02 AM,04:08 PM,-19,-10,-7,-10,9,7,40,0,1015,-7,10,139,4
2021-02-17 22:00:00,-4,-8,0,8.1,2,35,08:33 AM,No moonset,08:02 AM,04:08 PM,-19,-9,-7,-9,9,7,37,0,1014,-7,10,128,4
2021-02-17 23:00:00,-4,-8,0,8.1,2,35,08:33 AM,No moonset,08:02 AM,04:08 PM,-20,-9,-6,-9,9,6,33,0,1014,-7,10,118,4
2021-02-18 00:00:00,-7,-18,0,8.5,2,42,08:19 AM,12:40 AM,07:58 AM,04:12 PM,-20,-8,-6,-8,8,6,30,0,1013,-7,10,108,4
2021-02-18 01:00:00,-7,-18,0,8.5,2,42,08:19 AM,12:40 AM,07:58 AM,04:12 PM,-21,-9,-6,-9,10,25,30,0,1013,-7,10,106,5
2021-02-18 02:00:00,-7,-18,0,8.5,2,42,08:19 AM,12:40 AM,07:58 AM,04:12 PM,-21,-9,-6,-9,12,44,30,0,1012,-7,10,104,6
2021-02-18 03:00:00,-7,-18,0,8.5,2,42,08:19 AM,12:40 AM,07:58 AM,04:12 PM,-21,-10,-7,-10,14,63,31,0,1012,-7,10,102,7
2021-02-18 04:00:00,-7,-18,0,8.5,2,42,08:19 AM,12:40 AM,07:58 AM,04:12 PM,-21,-11,-7,-11,15,54,31,0,1012,-7,10,100,8
2021-02-18 05:00:00,-7,-18,0,8.5,2,42,08:19 AM,12:40 AM,07:58 AM,04:12 PM,-21,-11,-7,-11,16,46,31,0,1012,-7,10,99,8
2021-02-18 06:00:00,-7,-18,0,8.5,2,42,08:19 AM,12:40 AM,07:58 AM,04:12 PM,-22,-12,-8,-12,17,37,32,0,1012,-8,10,97,8
2021-02-18 07:00:00,-7,-18,0,8.5,2,42,08:19 AM,12:40 AM,07:58 AM,04:12 PM,-20,-12,-8,-12,17,27,35,0,1012,-8,10,99,8
2021-02-18 08:00:00,-7,-18,0,8.5,2,42,08:19 AM,12:40 AM,07:58 AM,04:12 PM,-19,-12,-8,-12,17,17,39,0,1012,-8,10,102,8
2021-02-18 09:00:00,-7,-18,0,8.5,2,42,08:19 AM,12:40 AM,07:58 AM,04:12 PM,-18,-12,-7,-12,17,7,42,0,1012,-7,10,104,8
2021-02-18 10:00:00,-7,-18,0,8.5,2,42,08:19 AM,12:40 AM,07:58 AM,04:12 PM,-17,-12,-8,-12,16,8,47,0,1012,-8,10,101,8
2021-02-18 11:00:00,-7,-18,0,8.5,2,42,08:19 AM,12:40 AM,07:58 AM,04:12 PM,-16,-12,-8,-12,15,9,51,0,1012,-8,10,97,7
2021-02-18 12:00:00,-7,-18,0,8.5,2,42,08:19 AM,12:40 AM,07:58 AM,04:12 PM,-16,-12,-8,-12,14,10,55,0,1012,-8,10,94,7
2021-02-18 13:00:00,-7,-18,0,8.5,2,42,08:19 AM,12:40 AM,07:58 AM,04:12 PM,-16,-13,-9,-13,15,11,57,0,1012,-9,10,94,7
2021-02-18 14:00:00,-7,-18,0,8.5,2,42,08:19 AM,12:40 AM,07:58 AM,04:12 PM,-16,-14,-10,-14,16,12,60,0,1012,-10,10,93,8
2021-02-18 15:00:00,-7,-18,0,8.5,2,42,08:19 AM,12:40 AM,07:58 AM,04:12 PM,-16,-15,-11,-15,17,12,62,0,1012,-11,10,93,8
2021-02-18 16:00:00,-7,-18,0,8.5,2,42,08:19 AM,12:40 AM,07:58 AM,04:12 PM,-16,-15,-11,-15,19,11,63,0,1013,-11,10,96,9
2021-02-18 17:00:00,-7,-18,0,8.5,2,42,08:19 AM,12:40 AM,07:58 AM,04:12 PM,-16,-15,-11,-15,21,10,64,0,1013,-12,10,100,10
2021-02-18 18:00:00,-7,-18,0,8.5,2,42,08:19 AM,12:40 AM,07:58 AM,04:12 PM,-16,-15,-11,-15,23,9,64,0,1013,-13,10,103,11
2021-02-18 19:00:00,-7,-18,0,8.5,2,42,08:19 AM,12:40 AM,07:58 AM,04:12 PM,-16,-16,-12,-16,24,11,65,0,1013,-14,10,102,12
2021-02-18 20:00:00,-7,-18,0,8.5,2,42,08:19 AM,12:40 AM,07:58 AM,04:12 PM,-16,-17,-14,-17,25,13,66,0,1013,-16,10,102,12
2021-02-18 21:00:00,-7,-18,0,8.5,2,42,08:19 AM,12:40 AM,07:58 AM,04:12 PM,-16,-18,-15,-18,27,15,67,0,1013,-18,10,102,13
2021-02-18 22:00:00,-7,-18,0,8.5,2,42,08:19 AM,12:40 AM,07:58 AM,04:12 PM,-15,-18,-14,-18,26,26,71,0,1013,-16,10,100,13
2021-02-18 23:00:00,-7,-18,0,8.5,2,42,08:19 AM,12:40 AM,07:58 AM,04:12 PM,-14,-18,-13,-18,26,37,74,0,1014,-15,10,98,13
2021-02-19 00:00:00,-13,-22,0,8.6,1,50,08:00 AM,02:29 AM,07:54 AM,04:16 PM,-14,-18,-13,-18,26,48,78,0,1014,-13,10,96,14
2021-02-19 01:00:00,-13,-22,0,8.6,1,50,08:00 AM,02:29 AM,07:54 AM,04:16 PM,-14,-19,-13,-19,28,39,78,0,1014,-13,10,96,14
2021-02-19 02:00:00,-13,-22,0,8.6,1,50,08:00 AM,02:29 AM,07:54 AM,04:16 PM,-15,-20,-13,-20,29,29,79,0,1014,-13,10,96,15
2021-02-19 03:00:00,-13,-22,0,8.6,1,50,08:00 AM,02:29 AM,07:54 AM,04:16 PM,-16,-21,-13,-21,31,20,80,0,1013,-13,10,95,15
2021-02-19 04:00:00,-13,-22,0,8.6,1,50,08:00 AM,02:29 AM,07:54 AM,04:16 PM,-17,-22,-14,-22,32,17,80,0,1013,-14,10,96,16
2021-02-19 05:00:00,-13,-22,0,8.6,1,50,08:00 AM,02:29 AM,07:54 AM,04:16 PM,-17,-23,-15,-23,34,14,80,0,1013,-15,10,96,16
2021-02-19 06:00:00,-13,-22,0,8.6,1,50,08:00 AM,02:29 AM,07:54 AM,04:16 PM,-18,-24,-15,-24,35,12,80,0,1013,-15,10,96,17
2021-02-19 07:00:00,-13,-22,0,8.6,1,50,08:00 AM,02:29 AM,07:54 AM,04:16 PM,-18,-24,-15,-24,36,10,81,0,1013,-15,10,97,17
2021-02-19 08:00:00,-13,-22,0,8.6,1,50,08:00 AM,02:29 AM,07:54 AM,04:16 PM,-18,-24,-15,-24,37,8,81,0,1013,-15,10,98,18
2021-02-19 09:00:00,-13,-22,0,8.6,1,50,08:00 AM,02:29 AM,07:54 AM,04:16 PM,-18,-24,-15,-24,39,6,81,0,1013,-15,10,99,18
2021-02-19 10:00:00,-13,-22,0,8.6,1,50,08:00 AM,02:29 AM,07:54 AM,04:16 PM,-17,-23,-14,-23,37,5,81,0,1013,-14,10,100,19
2021-02-19 11:00:00,-13,-22,0,8.6,1,50,08:00 AM,02:29 AM,07:54 AM,04:16 PM,-16,-22,-14,-22,36,4,80,0,1013,-14,10,101,19
2021-02-19 12:00:00,-13,-22,0,8.6,1,50,08:00 AM,02:29 AM,07:54 AM,04:16 PM,-16,-21,-13,-21,35,3,79,0,1013,-13,10,102,19
2021-02-19 13:00:00,-13,-22,0,8.6,1,50,08:00 AM,02:29 AM,07:54 AM,04:16 PM,-16,-22,-13,-22,35,4,78,0,1012,-13,10,104,19
2021-02-19 14:00:00,-13,-22,0,8.6,1,50,08:00 AM,02:29 AM,07:54 AM,04:16 PM,-17,-22,-14,-22,36,6,78,0,1012,-14,10,105,19
2021-02-19 15:00:00,-13,-22,0,8.6,1,50,08:00 AM,02:29 AM,07:54 AM,04:16 PM,-17,-23,-14,-23,36,7,77,0,1012,-14,10,106,19
2021-02-19 16:00:00,-13,-22,0,8.6,1,50,08:00 AM,02:29 AM,07:54 AM,04:16 PM,-18,-24,-15,-24,36,6,77,0,1012,-15,10,107,18
2021-02-19 17:00:00,-13,-22,0,8.6,1,50,08:00 AM,02:29 AM,07:54 AM,04:16 PM,-19,-25,-16,-25,37,6,77,0,1013,-16,10,109,18
2021-02-19 18:00:00,-13,-22,0,8.6,1,50,08:00 AM,02:29 AM,07:54 AM,04:16 PM,-20,-26,-17,-26,37,6,77,0,1013,-17,10,110,17
2021-02-19 19:00:00,-13,-22,0,8.6,1,50,08:00 AM,02:29 AM,07:54 AM,04:16 PM,-20,-25,-18,-25,36,7,77,0,1013,-18,10,113,17
2021-02-19 20:00:00,-13,-22,0,8.6,1,50,08:00 AM,02:29 AM,07:54 AM,04:16 PM,-19,-25,-19,-25,35,8,76,0,1014,-20,10,115,17
2021-02-19 21:00:00,-13,-22,0,8.6,1,50,08:00 AM,02:29 AM,07:54 AM,04:16 PM,-19,-25,-20,-25,34,10,76,0,1014,-22,10,118,16
2021-02-19 22:00:00,-13,-22,0,8.6,1,50,08:00 AM,02:29 AM,07:54 AM,04:16 PM,-17,-22,-18,-22,33,33,76,0,1014,-19,10,115,16
2021-02-19 23:00:00,-13,-22,0,8.6,1,50,08:00 AM,02:29 AM,07:54 AM,04:16 PM,-16,-20,-15,-20,32,57,76,0,1013,-16,10,112,16
2021-02-20 00:00:00,-12,-14,0,5.1,1,58,07:25 AM,04:38 AM,07:49 AM,04:20 PM,-15,-18,-12,-18,31,81,77,0,1013,-13,10,110,16
2021-02-20 01:00:00,-12,-14,0,5.1,1,58,07:25 AM,04:38 AM,07:49 AM,04:20 PM,-15,-18,-12,-18,30,72,77,0,1013,-12,10,108,16
2021-02-20 02:00:00,-12,-14,0,5.1,1,58,07:25 AM,04:38 AM,07:49 AM,04:20 PM,-14,-18,-12,-18,29,64,78,0,1012,-12,10,106,16
2021-02-20 03:00:00,-12,-14,0,5.1,1,58,07:25 AM,04:38 AM,07:49 AM,04:20 PM,-14,-19,-11,-19,28,56,78,0,1012,-11,10,105,16
2021-02-20 04:00:00,-12,-14,0,5.1,1,58,07:25 AM,04:38 AM,07:49 AM,04:20 PM,-14,-19,-12,-19,29,46,78,0,1012,-12,10,104,16
2021-02-20 05:00:00,-12,-14,0,5.1,1,58,07:25 AM,04:38 AM,07:49 AM,04:20 PM,-15,-19,-12,-19,30,36,78,0,1011,-12,10,104,16
2021-02-20 06:00:00,-12,-14,0,5.1,1,58,07:25 AM,04:38 AM,07:49 AM,04:20 PM,-15,-19,-12,-19,30,26,79,0,1011,-12,10,103,16
2021-02-20 07:00:00,-12,-14,0,5.1,1,58,07:25 AM,04:38 AM,07:49 AM,04:20 PM,-15,-20,-12,-20,31,23,79,0,1010,-12,10,104,17
2021-02-20 08:00:00,-12,-14,0,5.1,1,58,07:25 AM,04:38 AM,07:49 AM,04:20 PM,-15,-20,-12,-20,32,19,79,0,1010,-12,10,105,18
2021-02-20 09:00:00,-12,-14,0,5.1,1,58,07:25 AM,04:38 AM,07:49 AM,04:20 PM,-15,-21,-12,-21,33,15,80,0,1010,-12,10,106,19
2021-02-20 10:00:00,-12,-14,0,5.1,1,58,07:25 AM,04:38 AM,07:49 AM,04:20 PM,-15,-20,-12,-20,33,34,79,0,1010,-12,10,107,20
2021-02-20 11:00:00,-12,-14,0,5.1,1,58,07:25 AM,04:38 AM,07:49 AM,04:20 PM,-15,-20,-12,-20,32,53,78,0,1010,-12,10,108,20
2021-02-20 12:00:00,-12,-14,0,5.1,1,58,07:25 AM,04:38 AM,07:49 AM,04:20 PM,-15,-20,-12,-20,31,72,78,0,1010,-12,10,109,21
2021-02-20 13:00:00,-12,-14,0,5.1,1,58,07:25 AM,04:38 AM,07:49 AM,04:20 PM,-15,-20,-12,-20,30,81,77,0,1009,-12,10,108,20
2021-02-20 14:00:00,-12,-14,0,5.1,1,58,07:25 AM,04:38 AM,07:49 AM,04:20 PM,-15,-20,-12,-20,30,91,77,0,1009,-12,10,107,19
2021-02-20 15:00:00,-12,-14,0,5.1,1,58,07:25 AM,04:38 AM,07:49 AM,04:20 PM,-15,-19,-12,-19,29,100,77,0,1009,-12,10,106,18
2021-02-20 16:00:00,-12,-14,0,5.1,1,58,07:25 AM,04:38 AM,07:49 AM,04:20 PM,-15,-20,-12,-20,31,100,77,0,1009,-12,10,105,18
2021-02-20 17:00:00,-12,-14,0,5.1,1,58,07:25 AM,04:38 AM,07:49 AM,04:20 PM,-16,-21,-12,-21,33,100,77,0,1009,-12,10,105,18
2021-02-20 18:00:00,-12,-14,0,5.1,1,58,07:25 AM,04:38 AM,07:49 AM,04:20 PM,-16,-21,-13,-21,36,100,78,0,1009,-13,10,104,18
2021-02-20 19:00:00,-12,-14,0,5.1,1,58,07:25 AM,04:38 AM,07:49 AM,04:20 PM,-16,-22,-13,-22,36,100,81,0,1010,-13,8,105,18
2021-02-20 20:00:00,-12,-14,0,5.1,1,58,07:25 AM,04:38 AM,07:49 AM,04:20 PM,-16,-22,-14,-22,37,100,84,0.1,1010,-14,6,105,18
2021-02-20 21:00:00,-12,-14,0,5.1,1,58,07:25 AM,04:38 AM,07:49 AM,04:20 PM,-16,-23,-14,-23,38,100,87,0.1,1010,-14,5,106,18
2021-02-20 22:00:00,-12,-14,0,5.1,1,58,07:25 AM,04:38 AM,07:49 AM,04:20 PM,-16,-23,-14,-23,38,100,88,0,1011,-14,4,106,18
2021-02-20 23:00:00,-12,-14,0,5.1,1,58,07:25 AM,04:38 AM,07:49 AM,04:20 PM,-16,-23,-15,-23,39,100,90,0.2,1011,-15,3,107,19
2021-02-21 00:00:00,-13,-21,3.2,6.9,1,65,12:00 AM,12:00 AM,07:45 AM,04:24 PM,-16,-24,-15,-24,39,100,92,0.3,1012,-15,2,107,19
2021-02-21 01:00:00,-13,-21,3.2,6.9,1,65,12:00 AM,12:00 AM,07:45 AM,04:24 PM,-16,-24,-15,-24,39,97,93,0.1,1012,-15,2,107,19
2021-02-21 02:00:00,-13,-21,3.2,6.9,1,65,12:00 AM,12:00 AM,07:45 AM,04:24 PM,-16,-24,-15,-24,40,94,93,0.4,1012,-15,2,106,19
2021-02-21 03:00:00,-13,-21,3.2,6.9,1,65,12:00 AM,12:00 AM,07:45 AM,04:24 PM,-16,-24,-15,-24,40,91,93,0.5,1012,-15,2,106,19
2021-02-21 04:00:00,-13,-21,3.2,6.9,1,65,12:00 AM,12:00 AM,07:45 AM,04:24 PM,-15,-23,-14,-23,39,89,92,0.3,1012,-14,2,105,19
2021-02-21 05:00:00,-13,-21,3.2,6.9,1,65,12:00 AM,12:00 AM,07:45 AM,04:24 PM,-15,-22,-14,-22,39,87,91,0.5,1013,-14,2,104,19
2021-02-21 06:00:00,-13,-21,3.2,6.9,1,65,12:00 AM,12:00 AM,07:45 AM,04:24 PM,-15,-22,-13,-22,38,86,90,0.7,1013,-13,2,104,19
2021-02-21 07:00:00,-13,-21,3.2,6.9,1,65,12:00 AM,12:00 AM,07:45 AM,04:24 PM,-15,-22,-14,-22,41,69,89,0.3,1013,-14,4,103,20
2021-02-21 08:00:00,-13,-21,3.2,6.9,1,65,12:00 AM,12:00 AM,07:45 AM,04:24 PM,-15,-23,-14,-23,43,51,87,0.2,1013,-14,6,103,21
2021-02-21 09:00:00,-13,-21,3.2,6.9,1,65,12:00 AM,12:00 AM,07:45 AM,04:24 PM,-16,-23,-14,-23,45,34,85,0.2,1013,-14,7,103,22
2021-02-21 10:00:00,-13,-21,3.2,6.9,1,65,12:00 AM,12:00 AM,07:45 AM,04:24 PM,-16,-24,-14,-24,46,35,84,0.1,1013,-14,8,103,22
2021-02-21 11:00:00,-13,-21,3.2,6.9,1,65,12:00 AM,12:00 AM,07:45 AM,04:24 PM,-17,-24,-14,-24,47,36,83,0,1013,-14,9,104,23
2021-02-21 12:00:00,-13,-21,3.2,6.9,1,65,12:00 AM,12:00 AM,07:45 AM,04:24 PM,-17,-25,-15,-25,48,36,82,0,1013,-15,10,104,24
2021-02-21 13:00:00,-13,-21,3.2,6.9,1,65,12:00 AM,12:00 AM,07:45 AM,04:24 PM,-17,-24,-15,-24,45,52,81,0,1012,-15,10,106,23
2021-02-21 14:00:00,-13,-21,3.2,6.9,1,65,12:00 AM,12:00 AM,07:45 AM,04:24 PM,-18,-24,-15,-24,43,68,80,0,1012,-15,10,107,22
2021-02-21 15:00:00,-13,-21,3.2,6.9,1,65,12:00 AM,12:00 AM,07:45 AM,04:24 PM,-18,-24,-15,-24,41,83,79,0,1012,-15,10,108,21
2021-02-21 16:00:00,-13,-21,3.2,6.9,1,65,12:00 AM,12:00 AM,07:45 AM,04:24 PM,-17,-23,-15,-23,41,85,82,0,1012,-16,10,110,20
2021-02-21 17:00:00,-13,-21,3.2,6.9,1,65,12:00 AM,12:00 AM,07:45 AM,04:24 PM,-17,-21,-15,-21,41,86,85,0,1013,-16,10,112,20
2021-02-21 18:00:00,-13,-21,3.2,6.9,1,65,12:00 AM,12:00 AM,07:45 AM,04:24 PM,-16,-20,-15,-20,40,87,88,0,1013,-17,10,114,20
2021-02-21 19:00:00,-13,-21,3.2,6.9,1,65,12:00 AM,12:00 AM,07:45 AM,04:24 PM,-15,-20,-16,-20,40,87,90,0,1013,-18,8,118,20
2021-02-21 20:00:00,-13,-21,3.2,6.9,1,65,12:00 AM,12:00 AM,07:45 AM,04:24 PM,-14,-21,-17,-21,40,86,92,0.3,1014,-20,6,122,20
2021-02-21 21:00:00,-13,-21,3.2,6.9,1,65,12:00 AM,12:00 AM,07:45 AM,04:24 PM,-13,-21,-19,-21,40,86,94,0.4,1014,-21,5,126,19
2021-02-21 22:00:00,-13,-21,3.2,6.9,1,65,12:00 AM,12:00 AM,07:45 AM,04:24 PM,-13,-20,-17,-20,39,84,91,0.2,1014,-19,4,128,19
2021-02-21 23:00:00,-13,-21,3.2,6.9,1,65,12:00 AM,12:00 AM,07:45 AM,04:24 PM,-13,-20,-16,-20,37,82,89,0.4,1014,-17,3,130,18
2021-02-22 00:00:00,0,-15,5.7,3.3,1,73,12:00 AM,12:00 AM,07:41 AM,04:28 PM,-13,-20,-14,-20,35,80,86,0.6,1015,-15,2,132,17
2021-02-22 01:00:00,0,-15,5.7,3.3,1,73,12:00 AM,12:00 AM,07:41 AM,04:28 PM,-12,-18,-12,-18,34,84,88,0.3,1015,-13,2,130,16
2021-02-22 02:00:00,0,-15,5.7,3.3,1,73,12:00 AM,12:00 AM,07:41 AM,04:28 PM,-11,-17,-11,-17,32,88,90,0.4,1015,-11,2,128,15
2021-02-22 03:00:00,0,-15,5.7,3.3,1,73,12:00 AM,12:00 AM,07:41 AM,04:28 PM,-10,-16,-9,-16,31,92,92,0.6,1015,-9,2,127,15
2021-02-22 04:00:00,0,-15,5.7,3.3,1,73,12:00 AM,12:00 AM,07:41 AM,04:28 PM,-10,-15,-9,-15,30,95,93,0.3,1016,-9,2,125,14
2021-02-22 05:00:00,0,-15,5.7,3.3,1,73,12:00 AM,12:00 AM,07:41 AM,04:28 PM,-9,-14,-8,-14,28,97,94,0.6,1016,-8,2,124,14
2021-02-22 06:00:00,0,-15,5.7,3.3,1,73,12:00 AM,12:00 AM,07:41 AM,04:28 PM,-8,-13,-7,-13,27,100,96,0.8,1016,-7,2,123,13
2021-02-22 07:00:00,0,-15,5.7,3.3,1,73,12:00 AM,12:00 AM,07:41 AM,04:28 PM,-7,-12,-6,-12,25,97,94,0.4,1016,-6,2,121,12
2021-02-22 08:00:00,0,-15,5.7,3.3,1,73,12:00 AM,12:00 AM,07:41 AM,04:28 PM,-6,-10,-5,-10,23,94,93,0.4,1017,-5,2,119,12
2021-02-22 09:00:00,0,-15,5.7,3.3,1,73,12:00 AM,12:00 AM,07:41 AM,04:28 PM,-5,-9,-4,-9,21,91,92,0.5,1017,-4,2,117,12
2021-02-22 10:00:00,0,-15,5.7,3.3,1,73,12:00 AM,12:00 AM,07:41 AM,04:28 PM,-5,-8,-3,-8,20,88,90,0.3,1017,-3,4,118,12
2021-02-22 11:00:00,0,-15,5.7,3.3,1,73,12:00 AM,12:00 AM,07:41 AM,04:28 PM,-4,-7,-2,-7,19,85,89,0.4,1017,-2,5,120,12
2021-02-22 12:00:00,0,-15,5.7,3.3,1,73,12:00 AM,12:00 AM,07:41 AM,04:28 PM,-3,-5,-1,-5,18,82,87,0.5,1017,-1,7,122,12
2021-02-22 13:00:00,0,-15,5.7,3.3,1,73,12:00 AM,12:00 AM,07:41 AM,04:28 PM,-3,-5,-1,-5,18,80,85,0.2,1017,-1,8,128,12
2021-02-22 14:00:00,0,-15,5.7,3.3,1,73,12:00 AM,12:00 AM,07:41 AM,04:28 PM,-3,-5,-1,-5,18,78,83,0.1,1017,-1,9,133,12
2021-02-22 15:00:00,0,-15,5.7,3.3,1,73,12:00 AM,12:00 AM,07:41 AM,04:28 PM,-3,-4,0,-4,18,76,82,0.2,1017,0,10,139,12
2021-02-22 16:00:00,0,-15,5.7,3.3,1,73,12:00 AM,12:00 AM,07:41 AM,04:28 PM,-3,-5,-1,-5,21,74,83,0.1,1017,-1,9,135,12
2021-02-22 17:00:00,0,-15,5.7,3.3,1,73,12:00 AM,12:00 AM,07:41 AM,04:28 PM,-3,-6,-1,-6,24,72,85,0.1,1017,-1,8,132,13
2021-02-22 18:00:00,0,-15,5.7,3.3,1,73,12:00 AM,12:00 AM,07:41 AM,04:28 PM,-4,-6,-2,-6,27,70,87,0.1,1017,-2,7,129,14
2021-02-22 19:00:00,0,-15,5.7,3.3,1,73,12:00 AM,12:00 AM,07:41 AM,04:28 PM,-4,-7,-3,-7,27,71,87,0,1017,-3,7,127,13
2021-02-22 20:00:00,0,-15,5.7,3.3,1,73,12:00 AM,12:00 AM,07:41 AM,04:28 PM,-5,-8,-3,-8,26,73,86,0.1,1017,-3,8,125,13
2021-02-22 21:00:00,0,-15,5.7,3.3,1,73,12:00 AM,12:00 AM,07:41 AM,04:28 PM,-6,-9,-4,-9,26,74,85,0.1,1017,-4,8,123,12
2021-02-22 22:00:00,0,-15,5.7,3.3,1,73,12:00 AM,12:00 AM,07:41 AM,04:28 PM,-6,-9,-4,-9,26,78,84,0,1017,-4,9,126,12
2021-02-22 23:00:00,0,-15,5.7,3.3,1,73,12:00 AM,12:00 AM,07:41 AM,04:28 PM,-7,-9,-4,-9,26,81,82,0,1017,-4,9,129,12
2021-02-23 00:00:00,-1,-6,0.1,5.1,1,80,12:00 AM,12:00 AM,07:37 AM,04:32 PM,-7,-10,-5,-10,26,85,81,0,1016,-5,10,132,13
2021-02-23 01:00:00,-1,-6,0.1,5.1,1,80,12:00 AM,12:00 AM,07:37 AM,04:32 PM,-7,-9,-5,-9,26,88,80,0,1016,-5,10,138,12
2021-02-23 02:00:00,-1,-6,0.1,5.1,1,80,12:00 AM,12:00 AM,07:37 AM,04:32 PM,-7,-9,-4,-9,26,92,80,0,1016,-4,10,144,12
2021-02-23 03:00:00,-1,-6,0.1,5.1,1,80,12:00 AM,12:00 AM,07:37 AM,04:32 PM,-7,-9,-4,-9,26,95,79,0,1015,-4,10,150,12
2021-02-23 04:00:00,-1,-6,0.1,5.1,1,80,12:00 AM,12:00 AM,07:37 AM,04:32 PM,-7,-9,-4,-9,24,92,80,0,1015,-4,10,149,11
2021-02-23 05:00:00,-1,-6,0.1,5.1,1,80,12:00 AM,12:00 AM,07:37 AM,04:32 PM,-7,-8,-4,-8,22,89,81,0,1015,-4,10,148,10
2021-02-23 06:00:00,-1,-6,0.1,5.1,1,80,12:00 AM,12:00 AM,07:37 AM,04:32 PM,-7,-8,-4,-8,20,87,82,0,1015,-4,10,147,9
2021-02-23 07:00:00,-1,-6,0.1,5.1,1,80,12:00 AM,12:00 AM,07:37 AM,04:32 PM,-6,-7,-4,-7,18,89,82,0,1015,-4,10,146,9
2021-02-23 08:00:00,-1,-6,0.1,5.1,1,80,12:00 AM,12:00 AM,07:37 AM,04:32 PM,-5,-6,-3,-6,16,91,83,0,1014,-3,10,145,8
2021-02-23 09:00:00,-1,-6,0.1,5.1,1,80,12:00 AM,12:00 AM,07:37 AM,04:32 PM,-5,-6,-3,-6,14,94,84,0,1014,-3,10,144,8
2021-02-23 10:00:00,-1,-6,0.1,5.1,1,80,12:00 AM,12:00 AM,07:37 AM,04:32 PM,-4,-5,-2,-5,12,82,85,0,1014,-2,10,143,7
2021-02-23 11:00:00,-1,-6,0.1,5.1,1,80,12:00 AM,12:00 AM,07:37 AM,04:32 PM,-3,-4,-1,-4,10,70,86,0,1014,-1,10,141,6
2021-02-23 12:00:00,-1,-6,0.1,5.1,1,80,12:00 AM,12:00 AM,07:37 AM,04:32 PM,-3,-3,-1,-3,8,58,86,0,1014,-1,10,139,5
2021-02-23 13:00:00,-1,-6,0.1,5.1,1,80,12:00 AM,12:00 AM,07:37 AM,04:32 PM,-2,-3,-1,-3,8,65,89,0,1014,-1,9,145,5
2021-02-23 14:00:00,-1,-6,0.1,5.1,1,80,12:00 AM,12:00 AM,07:37 AM,04:32 PM,-2,-3,-1,-3,8,72,92,0,1014,-1,8,151,5
2021-02-23 15:00:00,-1,-6,0.1,5.1,1,80,12:00 AM,12:00 AM,07:37 AM,04:32 PM,-2,-3,-1,-3,9,79,94,0,1014,-1,7,157,5
2021-02-23 16:00:00,-1,-6,0.1,5.1,1,80,12:00 AM,12:00 AM,07:37 AM,04:32 PM,-2,-4,-2,-4,12,83,93,0,1014,-2,7,158,7
2021-02-23 17:00:00,-1,-6,0.1,5.1,1,80,12:00 AM,12:00 AM,07:37 AM,04:32 PM,-3,-5,-2,-5,15,87,93,0,1014,-2,8,159,8
2021-02-23 18:00:00,-1,-6,0.1,5.1,1,80,12:00 AM,12:00 AM,07:37 AM,04:32 PM,-3,-6,-2,-6,18,91,92,0,1014,-2,8,161,9
2021-02-23 19:00:00,-1,-6,0.1,5.1,1,80,12:00 AM,12:00 AM,07:37 AM,04:32 PM,-3,-6,-3,-6,17,93,93,0,1014,-4,7,163,9
2021-02-23 20:00:00,-1,-6,0.1,5.1,1,80,12:00 AM,12:00 AM,07:37 AM,04:32 PM,-3,-7,-3,-7,16,94,94,0.2,1014,-5,6,165,9
2021-02-23 21:00:00,-1,-6,0.1,5.1,1,80,12:00 AM,12:00 AM,07:37 AM,04:32 PM,-2,-8,-4,-8,15,96,95,0.2,1014,-6,5,168,9
2021-02-23 22:00:00,-1,-6,0.1,5.1,1,80,12:00 AM,12:00 AM,07:37 AM,04:32 PM,-2,-7,-3,-7,17,97,94,0.1,1013,-5,6,159,10
2021-02-23 23:00:00,-1,-6,0.1,5.1,1,80,12:00 AM,12:00 AM,07:37 AM,04:32 PM,-2,-6,-3,-6,18,99,93,0.4,1013,-4,8,150,10
2021-02-24 00:00:00,0,-8,4.6,3.4,1,88,12:00 AM,12:00 AM,07:32 AM,04:36 PM,-2,-5,-3,-5,19,100,92,0.5,1013,-3,9,142,11
2021-02-24 01:00:00,0,-8,4.6,3.4,1,88,12:00 AM,12:00 AM,07:32 AM,04:36 PM,-3,-6,-2,-6,21,100,89,0.3,1012,-3,9,132,11
2021-02-24 02:00:00,0,-8,4.6,3.4,1,88,12:00 AM,12:00 AM,07:32 AM,04:36 PM,-3,-6,-2,-6,23,100,86,0.2,1011,-2,9,122,12
2021-02-24 03:00:00,0,-8,4.6,3.4,1,88,12:00 AM,12:00 AM,07:32 AM,04:36 PM,-4,-6,-2,-6,24,100,82,0.2,1010,-2,10,112,12
2021-02-24 04:00:00,0,-8,4.6,3.4,1,88,12:00 AM,12:00 AM,07:32 AM,04:36 PM,-4,-6,-1,-6,26,100,80,0.1,1009,-1,10,110,13
2021-02-24 05:00:00,0,-8,4.6,3.4,1,88,12:00 AM,12:00 AM,07:32 AM,04:36 PM,-4,-5,-1,-5,28,99,79,0,1008,-1,10,109,13
2021-02-24 06:00:00,0,-8,4.6,3.4,1,88,12:00 AM,12:00 AM,07:32 AM,04:36 PM,-4,-5,-1,-5,29,99,77,0,1006,-1,10,107,14
2021-02-24 07:00:00,0,-8,4.6,3.4,1,88,12:00 AM,12:00 AM,07:32 AM,04:36 PM,-4,-5,0,-5,28,88,77,0,1005,0,10,115,14
2021-02-24 08:00:00,0,-8,4.6,3.4,1,88,12:00 AM,12:00 AM,07:32 AM,04:36 PM,-4,-4,0,-4,26,77,78,0,1004,0,10,122,13
2021-02-24 09:00:00,0,-8,4.6,3.4,1,88,12:00 AM,12:00 AM,07:32 AM,04:36 PM,-3,-4,0,-4,25,66,78,0,1003,0,10,130,13
2021-02-24 10:00:00,0,-8,4.6,3.4,1,88,12:00 AM,12:00 AM,07:32 AM,04:36 PM,-3,-4,0,-4,23,72,80,0,1002,0,10,133,12
2021-02-24 11:00:00,0,-8,4.6,3.4,1,88,12:00 AM,12:00 AM,07:32 AM,04:36 PM,-3,-4,0,-4,21,78,82,0,1001,0,10,135,12
2021-02-24 12:00:00,0,-8,4.6,3.4,1,88,12:00 AM,12:00 AM,07:32 AM,04:36 PM,-3,-4,0,-4,18,83,83,0,1000,0,10,138,12
2021-02-24 13:00:00,0,-8,4.6,3.4,1,88,12:00 AM,12:00 AM,07:32 AM,04:36 PM,-3,-4,-1,-4,18,89,86,0,998,-1,8,139,12
2021-02-24 14:00:00,0,-8,4.6,3.4,1,88,12:00 AM,12:00 AM,07:32 AM,04:36 PM,-2,-5,-1,-5,19,94,89,0.4,997,-1,6,140,13
2021-02-24 15:00:00,0,-8,4.6,3.4,1,88,12:00 AM,12:00 AM,07:32 AM,04:36 PM,-2,-6,-1,-6,19,100,92,0.6,996,-1,5,141,14
2021-02-24 16:00:00,0,-8,4.6,3.4,1,88,12:00 AM,12:00 AM,07:32 AM,04:36 PM,-2,-5,-2,-5,19,100,94,0.3,995,-2,5,145,14
2021-02-24 17:00:00,0,-8,4.6,3.4,1,88,12:00 AM,12:00 AM,07:32 AM,04:36 PM,-2,-5,-2,-5,20,100,95,1.8,994,-3,5,150,14
2021-02-24 18:00:00,0,-8,4.6,3.4,1,88,12:00 AM,12:00 AM,07:32 AM,04:36 PM,-1,-5,-2,-5,20,100,97,2.4,994,-4,5,155,14
2021-02-24 19:00:00,0,-8,4.6,3.4,1,88,12:00 AM,12:00 AM,07:32 AM,04:36 PM,0,-6,-3,-6,21,100,97,1.2,993,-5,5,169,15
2021-02-24 20:00:00,0,-8,4.6,3.4,1,88,12:00 AM,12:00 AM,07:32 AM,04:36 PM,0,-7,-4,-7,21,100,98,2.9,993,-6,5,183,15
2021-02-24 21:00:00,0,-8,4.6,3.4,1,88,12:00 AM,12:00 AM,07:32 AM,04:36 PM,1,-8,-5,-8,21,100,98,3.8,992,-8,5,197,15
2021-02-24 22:00:00,0,-8,4.6,3.4,1,88,12:00 AM,12:00 AM,07:32 AM,04:36 PM,1,-6,-3,-6,22,100,98,1.9,991,-5,5,191,15
2021-02-24 23:00:00,0,-8,4.6,3.4,1,88,12:00 AM,12:00 AM,07:32 AM,04:36 PM,1,-5,-1,-5,22,100,98,3.1,991,-3,6,186,15
2021-02-25 00:00:00,2,-1,0,3.4,1,95,11:30 AM,09:44 AM,07:28 AM,04:40 PM,1,-3,1,-3,23,100,98,4.1,990,-1,6,180,15
2021-02-25 01:00:00,2,-1,0,3.4,1,95,11:30 AM,09:44 AM,07:28 AM,04:40 PM,1,-3,1,-3,23,100,98,2.1,990,0,6,195,16
2021-02-25 02:00:00,2,-1,0,3.4,1,95,11:30 AM,09:44 AM,07:28 AM,04:40 PM,1,-3,1,-3,24,100,98,2.9,990,1,6,210,16
2021-02-25 03:00:00,2,-1,0,3.4,1,95,11:30 AM,09:44 AM,07:28 AM,04:40 PM,1,-3,1,-3,25,100,99,3.9,990,1,6,225,17
2021-02-25 04:00:00,2,-1,0,3.4,1,95,11:30 AM,09:44 AM,07:28 AM,04:40 PM,1,-3,1,-3,24,100,99,2,990,1,6,233,16
2021-02-25 05:00:00,2,-1,0,3.4,1,95,11:30 AM,09:44 AM,07:28 AM,04:40 PM,1,-3,1,-3,23,100,99,3.2,990,1,6,242,15
2021-02-25 06:00:00,2,-1,0,3.4,1,95,11:30 AM,09:44 AM,07:28 AM,04:40 PM,1,-3,1,-3,22,100,99,4.2,990,1,6,251,14
2021-02-25 07:00:00,2,-1,0,3.4,1,95,11:30 AM,09:44 AM,07:28 AM,04:40 PM,1,-3,1,-3,21,100,99,2.1,990,1,6,252,14
2021-02-25 08:00:00,2,-1,0,3.4,1,95,11:30 AM,09:44 AM,07:28 AM,04:40 PM,1,-3,1,-3,20,100,99,2.2,991,1,6,253,13
2021-02-25 09:00:00,2,-1,0,3.4,1,95,11:30 AM,09:44 AM,07:28 AM,04:40 PM,1,-3,1,-3,19,100,100,2.9,991,1,6,254,13
2021-02-25 10:00:00,2,-1,0,3.4,1,95,11:30 AM,09:44 AM,07:28 AM,04:40 PM,1,-2,1,-2,17,100,100,1.4,991,1,7,263,12
2021-02-25 11:00:00,2,-1,0,3.4,1,95,11:30 AM,09:44 AM,07:28 AM,04:40 PM,2,-1,2,-1,15,100,100,2,992,2,7,272,10
2021-02-25 12:00:00,2,-1,0,3.4,1,95,11:30 AM,09:44 AM,07:28 AM,04:40 PM,2,-1,2,-1,12,100,100,2.7,992,2,7,281,9
2021-02-25 13:00:00,2,-1,0,3.4,1,95,11:30 AM,09:44 AM,07:28 AM,04:40 PM,2,0,2,0,11,100,100,1.3,993,2,7,291,8
2021-02-25 14:00:00,2,-1,0,3.4,1,95,11:30 AM,09:44 AM,07:28 AM,04:40 PM,2,0,2,0,9,100,100,1.8,993,2,7,302,7
2021-02-25 15:00:00,2,-1,0,3.4,1,95,11:30 AM,09:44 AM,07:28 AM,04:40 PM,2,0,2,0,7,100,100,2.4,993,2,7,312,6
2021-02-25 16:00:00,2,-1,0,3.4,1,95,11:30 AM,09:44 AM,07:28 AM,04:40 PM,2,0,2,0,7,100,99,1.2,993,2,7,307,6
2021-02-25 17:00:00,2,-1,0,3.4,1,95,11:30 AM,09:44 AM,07:28 AM,04:40 PM,1,0,1,0,6,100,99,2.8,993,1,6,302,5
2021-02-25 18:00:00,2,-1,0,3.4,1,95,11:30 AM,09:44 AM,07:28 AM,04:40 PM,1,0,1,0,6,100,99,3.7,993,1,6,296,4
2021-02-25 19:00:00,2,-1,0,3.4,1,95,11:30 AM,09:44 AM,07:28 AM,04:40 PM,1,0,1,0,6,100,99,1.9,993,1,6,296,5
2021-02-25 20:00:00,2,-1,0,3.4,1,95,11:30 AM,09:44 AM,07:28 AM,04:40 PM,1,0,1,0,7,100,99,2.2,993,1,6,295,5
2021-02-25 21:00:00,2,-1,0,3.4,1,95,11:30 AM,09:44 AM,07:28 AM,04:40 PM,1,-1,1,-1,8,100,99,2.9,993,1,6,294,5
2021-02-25 22:00:00,2,-1,0,3.4,1,95,11:30 AM,09:44 AM,07:28 AM,04:40 PM,1,-1,1,-1,9,100,99,1.5,993,1,5,296,7
2021-02-25 23:00:00,2,-1,0,3.4,1,95,11:30 AM,09:44 AM,07:28 AM,04:40 PM,1,-2,1,-2,11,100,99,4.2,994,1,4,297,8
2021-02-26 00:00:00,1,-4,20.7,3.5,1,100,02:14 PM,08:52 AM,07:24 AM,04:44 PM,0,-3,1,-3,13,100,99,5.6,994,1,3,299,10
2021-02-26 01:00:00,1,-4,20.7,3.5,1,100,02:14 PM,08:52 AM,07:24 AM,04:44 PM,0,-3,0,-3,12,100,99,2.8,994,0,3,292,9
2021-02-26 02:00:00,1,-4,20.7,3.5,1,100,02:14 PM,08:52 AM,07:24 AM,04:44 PM,0,-3,0,-3,12,100,99,1.8,995,0,2,285,9
2021-02-26 03:00:00,1,-4,20.7,3.5,1,100,02:14 PM,08:52 AM,07:24 AM,04:44 PM,-1,-3,0,-3,12,100,99,2.4,996,0,2,278,8
2021-02-26 04:00:00,1,-4,20.7,3.5,1,100,02:14 PM,08:52 AM,07:24 AM,04:44 PM,-1,-4,-1,-4,12,100,99,1.2,997,-1,2,276,9
2021-02-26 05:00:00,1,-4,20.7,3.5,1,100,02:14 PM,08:52 AM,07:24 AM,04:44 PM,-1,-4,-1,-4,13,100,99,0.9,998,-1,2,274,9
2021-02-26 06:00:00,1,-4,20.7,3.5,1,100,02:14 PM,08:52 AM,07:24 AM,04:44 PM,-1,-4,-1,-4,14,100,99,1.2,999,-1,2,272,9
2021-02-26 07:00:00,1,-4,20.7,3.5,1,100,02:14 PM,08:52 AM,07:24 AM,04:44 PM,-1,-4,-1,-4,14,100,99,0.6,1000,-1,2,273,10
2021-02-26 08:00:00,1,-4,20.7,3.5,1,100,02:14 PM,08:52 AM,07:24 AM,04:44 PM,0,-4,0,-4,15,100,99,1.3,1001,0,2,274,11
2021-02-26 09:00:00,1,-4,20.7,3.5,1,100,02:14 PM,08:52 AM,07:24 AM,04:44 PM,0,-3,0,-3,15,100,99,1.7,1002,0,2,275,11
2021-02-26 10:00:00,1,-4,20.7,3.5,1,100,02:14 PM,08:52 AM,07:24 AM,04:44 PM,0,-3,1,-3,14,100,99,0.8,1004,1,2,277,11
2021-02-26 11:00:00,1,-4,20.7,3.5,1,100,02:14 PM,08:52 AM,07:24 AM,04:44 PM,1,-3,1,-3,14,100,99,1.7,1005,1,2,279,11
2021-02-26 12:00:00,1,-4,20.7,3.5,1,100,02:14 PM,08:52 AM,07:24 AM,04:44 PM,1,-2,1,-2,13,100,99,2.3,1007,1,2,281,11
2021-02-26 13:00:00,1,-4,20.7,3.5,1,100,02:14 PM,08:52 AM,07:24 AM,04:44 PM,1,-3,1,-3,13,100,99,1.1,1008,1,2,279,11
2021-02-26 14:00:00,1,-4,20.7,3.5,1,100,02:14 PM,08:52 AM,07:24 AM,04:44 PM,0,-3,1,-3,13,100,99,1,1009,1,2,277,11
2021-02-26 15:00:00,1,-4,20.7,3.5,1,100,02:14 PM,08:52 AM,07:24 AM,04:44 PM,0,-3,0,-3,13,100,99,1.3,1011,0,2,275,11
2021-02-26 16:00:00,1,-4,20.7,3.5,1,100,02:14 PM,08:52 AM,07:24 AM,04:44 PM,-1,-4,0,-4,14,100,99,0.7,1012,0,2,270,11
2021-02-26 17:00:00,1,-4,20.7,3.5,1,100,02:14 PM,08:52 AM,07:24 AM,04:44 PM,-1,-5,-1,-5,15,100,99,0.8,1013,-1,2,264,11
2021-02-26 18:00:00,1,-4,20.7,3.5,1,100,02:14 PM,08:52 AM,07:24 AM,04:44 PM,-2,-6,-2,-6,16,100,99,1,1014,-2,2,258,10
2021-02-26 19:00:00,1,-4,20.7,3.5,1,100,02:14 PM,08:52 AM,07:24 AM,04:44 PM,-3,-7,-3,-7,19,99,99,0.5,1015,-3,2,260,11
2021-02-26 20:00:00,1,-4,20.7,3.5,1,100,02:14 PM,08:52 AM,07:24 AM,04:44 PM,-4,-8,-3,-8,22,99,98,0.6,1016,-3,2,262,12
2021-02-26 21:00:00,1,-4,20.7,3.5,1,100,02:14 PM,08:52 AM,07:24 AM,04:44 PM,-4,-9,-4,-9,26,98,98,0.8,1016,-4,2,264,13
2021-02-26 22:00:00,1,-4,20.7,3.5,1,100,02:14 PM,08:52 AM,07:24 AM,04:44 PM,-5,-10,-5,-10,25,98,97,0.4,1017,-5,2,262,12
2021-02-26 23:00:00,1,-4,20.7,3.5,1,100,02:14 PM,08:52 AM,07:24 AM,04:44 PM,-6,-11,-6,-11,25,97,95,0.5,1019,-6,2,261,12
2021-02-27 00:00:00,-1,-8,4.8,3.5,1,90,04:27 PM,08:30 AM,07:19 AM,04:48 PM,-7,-11,-6,-11,25,97,94,0.6,1020,-6,2,259,12
2021-02-27 01:00:00,-1,-8,4.8,3.5,1,90,04:27 PM,08:30 AM,07:19 AM,04:48 PM,-7,-12,-7,-12,25,93,94,0.3,1020,-7,2,261,12
2021-02-27 02:00:00,-1,-8,4.8,3.5,1,90,04:27 PM,08:30 AM,07:19 AM,04:48 PM,-8,-12,-7,-12,26,89,94,0.3,1020,-7,2,262,12
2021-02-27 03:00:00,-1,-8,4.8,3.5,1,90,04:27 PM,08:30 AM,07:19 AM,04:48 PM,-8,-13,-7,-13,26,84,94,0.4,1021,-7,2,263,13
2021-02-27 04:00:00,-1,-8,4.8,3.5,1,90,04:27 PM,08:30 AM,07:19 AM,04:48 PM,-8,-13,-7,-13,25,87,93,0.2,1021,-7,2,248,12
2021-02-27 05:00:00,-1,-8,4.8,3.5,1,90,04:27 PM,08:30 AM,07:19 AM,04:48 PM,-9,-13,-7,-13,24,90,92,0.3,1021,-7,2,232,12
2021-02-27 06:00:00,-1,-8,4.8,3.5,1,90,04:27 PM,08:30 AM,07:19 AM,04:48 PM,-9,-13,-8,-13,23,93,91,0.4,1021,-8,2,216,11
2021-02-27 07:00:00,-1,-8,4.8,3.5,1,90,04:27 PM,08:30 AM,07:19 AM,04:48 PM,-8,-12,-7,-12,23,95,89,0.2,1020,-7,3,200,12
2021-02-27 08:00:00,-1,-8,4.8,3.5,1,90,04:27 PM,08:30 AM,07:19 AM,04:48 PM,-8,-11,-6,-11,23,98,87,0.1,1020,-6,3,184,13
2021-02-27 09:00:00,-1,-8,4.8,3.5,1,90,04:27 PM,08:30 AM,07:19 AM,04:48 PM,-7,-10,-5,-10,23,100,84,0.2,1020,-5,4,167,14
2021-02-27 10:00:00,-1,-8,4.8,3.5,1,90,04:27 PM,08:30 AM,07:19 AM,04:48 PM,-6,-9,-4,-9,23,100,84,0.1,1019,-4,4,162,14
2021-02-27 11:00:00,-1,-8,4.8,3.5,1,90,04:27 PM,08:30 AM,07:19 AM,04:48 PM,-5,-8,-3,-8,22,100,83,0.1,1018,-3,5,157,15
2021-02-27 12:00:00,-1,-8,4.8,3.5,1,90,04:27 PM,08:30 AM,07:19 AM,04:48 PM,-4,-7,-2,-7,22,100,83,0.1,1017,-2,5,152,15
2021-02-27 13:00:00,-1,-8,4.8,3.5,1,90,04:27 PM,08:30 AM,07:19 AM,04:48 PM,-3,-6,-1,-6,21,100,86,0,1016,-1,5,156,15
2021-02-27 14:00:00,-1,-8,4.8,3.5,1,90,04:27 PM,08:30 AM,07:19 AM,04:48 PM,-3,-6,-1,-6,20,100,90,0.7,1015,-1,6,160,14
2021-02-27 15:00:00,-1,-8,4.8,3.5,1,90,04:27 PM,08:30 AM,07:19 AM,04:48 PM,-2,-5,-1,-5,19,100,93,0.9,1013,-1,6,163,13
2021-02-27 16:00:00,-1,-8,4.8,3.5,1,90,04:27 PM,08:30 AM,07:19 AM,04:48 PM,-2,-5,-1,-5,20,100,95,0.4,1013,-2,7,174,13
2021-02-27 17:00:00,-1,-8,4.8,3.5,1,90,04:27 PM,08:30 AM,07:19 AM,04:48 PM,-1,-4,-1,-4,22,100,97,1.6,1012,-2,7,184,13
2021-02-27 18:00:00,-1,-8,4.8,3.5,1,90,04:27 PM,08:30 AM,07:19 AM,04:48 PM,-1,-4,-1,-4,23,100,98,2.2,1011,-3,7,195,13
2021-02-27 19:00:00,-1,-8,4.8,3.5,1,90,04:27 PM,08:30 AM,07:19 AM,04:48 PM,-1,-5,-1,-5,26,100,98,1.1,1010,-4,7,204,14
2021-02-27 20:00:00,-1,-8,4.8,3.5,1,90,04:27 PM,08:30 AM,07:19 AM,04:48 PM,-2,-6,-2,-6,29,100,99,1.1,1010,-5,8,213,15
2021-02-27 21:00:00,-1,-8,4.8,3.5,1,90,04:27 PM,08:30 AM,07:19 AM,04:48 PM,-2,-7,-3,-7,32,100,99,1.5,1010,-7,8,222,16
2021-02-27 22:00:00,-1,-8,4.8,3.5,1,90,04:27 PM,08:30 AM,07:19 AM,04:48 PM,-2,-7,-3,-7,34,100,99,0.8,1009,-5,7,228,17
2021-02-27 23:00:00,-1,-8,4.8,3.5,1,90,04:27 PM,08:30 AM,07:19 AM,04:48 PM,-3,-8,-3,-8,36,100,99,2.4,1008,-4,7,235,17
2021-02-28 00:00:00,3,-4,0,3.5,1,82,06:30 PM,08:14 AM,07:15 AM,04:52 PM,-3,-9,-3,-9,38,100,99,3.2,1007,-3,6,242,18
2021-02-28 01:00:00,3,-4,0,3.5,1,82,06:30 PM,08:14 AM,07:15 AM,04:52 PM,-3,-9,-3,-9,39,100,99,1.6,1007,-3,6,241,19
2021-02-28 02:00:00,3,-4,0,3.5,1,82,06:30 PM,08:14 AM,07:15 AM,04:52 PM,-3,-9,-3,-9,41,100,99,1.4,1008,-3,7,239,19
2021-02-28 03:00:00,3,-4,0,3.5,1,82,06:30 PM,08:14 AM,07:15 AM,04:52 PM,-4,-10,-4,-10,42,100,99,1.9,1008,-4,8,238,20
2021-02-28 04:00:00,3,-4,0,3.5,1,82,06:30 PM,08:14 AM,07:15 AM,04:52 PM,-4,-10,-3,-10,41,100,99,1,1008,-3,8,239,20
2021-02-28 05:00:00,3,-4,0,3.5,1,82,06:30 PM,08:14 AM,07:15 AM,04:52 PM,-3,-9,-3,-9,41,100,99,1,1008,-3,8,240,19
2021-02-28 06:00:00,3,-4,0,3.5,1,82,06:30 PM,08:14 AM,07:15 AM,04:52 PM,-3,-9,-3,-9,40,100,99,1.4,1008,-3,8,242,19
2021-02-28 07:00:00,3,-4,0,3.5,1,82,06:30 PM,08:14 AM,07:15 AM,04:52 PM,-2,-8,-2,-8,38,100,100,0.7,1008,-2,7,238,18
2021-02-28 08:00:00,3,-4,0,3.5,1,82,06:30 PM,08:14 AM,07:15 AM,04:52 PM,-1,-7,-1,-7,35,100,100,1.5,1008,-1,7,234,17
2021-02-28 09:00:00,3,-4,0,3.5,1,82,06:30 PM,08:14 AM,07:15 AM,04:52 PM,-1,-5,-1,-5,33,100,100,2,1008,-1,7,230,17
2021-02-28 10:00:00,3,-4,0,3.5,1,82,06:30 PM,08:14 AM,07:15 AM,04:52 PM,0,-4,0,-4,30,100,100,1,1008,0,7,228,16
2021-02-28 11:00:00,3,-4,0,3.5,1,82,06:30 PM,08:14 AM,07:15 AM,04:52 PM,1,-3,1,-3,27,100,100,4,1008,1,6,227,16
2021-02-28 12:00:00,3,-4,0,3.5,1,82,06:30 PM,08:14 AM,07:15 AM,04:52 PM,2,-2,2,-2,24,100,100,5.3,1008,2,6,226,16
2021-02-28 13:00:00,3,-4,0,3.5,1,82,06:30 PM,08:14 AM,07:15 AM,04:52 PM,2,-2,2,-2,27,100,99,2.6,1008,2,6,229,18
2021-02-28 14:00:00,3,-4,0,3.5,1,82,06:30 PM,08:14 AM,07:15 AM,04:52 PM,2,-2,3,-2,30,100,99,2.9,1007,3,6,232,19
2021-02-28 15:00:00,3,-4,0,3.5,1,82,06:30 PM,08:14 AM,07:15 AM,04:52 PM,3,-2,3,-2,32,100,99,3.9,1007,3,6,235,20
2021-02-28 16:00:00,3,-4,0,3.5,1,82,06:30 PM,08:14 AM,07:15 AM,04:52 PM,1,-4,1,-4,36,100,99,1.9,1006,1,6,233,21
2021-02-28 17:00:00,3,-4,0,3.5,1,82,06:30 PM,08:14 AM,07:15 AM,04:52 PM,0,-5,0,-5,39,100,99,3.5,1005,0,6,232,21
2021-02-28 18:00:00,3,-4,0,3.5,1,82,06:30 PM,08:14 AM,07:15 AM,04:52 PM,-1,-7,-1,-7,42,100,99,4.7,1005,-1,6,230,22
2021-02-28 19:00:00,3,-4,0,3.5,1,82,06:30 PM,08:14 AM,07:15 AM,04:52 PM,-2,-8,-2,-8,46,100,98,2.4,1004,-2,6,238,23
2021-02-28 20:00:00,3,-4,0,3.5,1,82,06:30 PM,08:14 AM,07:15 AM,04:52 PM,-3,-9,-2,-9,49,100,97,2.5,1004,-2,6,245,24
2021-02-28 21:00:00,3,-4,0,3.5,1,82,06:30 PM,08:14 AM,07:15 AM,04:52 PM,-3,-10,-3,-10,53,100,97,3.4,1004,-3,6,252,25
2021-02-28 22:00:00,3,-4,0,3.5,1,82,06:30 PM,08:14 AM,07:15 AM,04:52 PM,-4,-10,-3,-10,51,100,95,1.7,1004,-3,5,256,24
2021-02-28 23:00:00,3,-4,0,3.5,1,82,06:30 PM,08:14 AM,07:15 AM,04:52 PM,-5,-11,-4,-11,50,100,93,1.6,1004,-4,4,260,24
2021-03-01 00:00:00,0,-6,19.6,3.5,1,79,08:31 PM,08:00 AM,07:11 AM,04:56 PM,-6,-11,-4,-11,49,100,91,3.3,1004,-4,3,264,23
2021-03-01 01:00:00,0,-6,19.6,3.5,1,79,08:31 PM,08:00 AM,07:11 AM,04:56 PM,-6,-12,-5,-12,49,97,90,1.6,1004,-5,4,263,23
2021-03-01 02:00:00,0,-6,19.6,3.5,1,79,08:31 PM,08:00 AM,07:11 AM,04:56 PM,-6,-12,-5,-12,50,94,89,1.1,1004,-5,5,263,24
2021-03-01 03:00:00,0,-6,19.6,3.5,1,79,08:31 PM,08:00 AM,07:11 AM,04:56 PM,-7,-12,-5,-12,50,91,88,1.5,1004,-5,5,263,24
2021-03-01 04:00:00,0,-6,19.6,3.5,1,79,08:31 PM,08:00 AM,07:11 AM,04:56 PM,-6,-12,-5,-12,48,93,88,0.7,1003,-5,6,261,23
2021-03-01 05:00:00,0,-6,19.6,3.5,1,79,08:31 PM,08:00 AM,07:11 AM,04:56 PM,-6,-11,-5,-11,46,94,89,1,1003,-5,6,258,22
2021-03-01 06:00:00,0,-6,19.6,3.5,1,79,08:31 PM,08:00 AM,07:11 AM,04:56 PM,-6,-11,-4,-11,43,96,90,1.3,1003,-4,7,256,21
2021-03-01 07:00:00,0,-6,19.6,3.5,1,79,08:31 PM,08:00 AM,07:11 AM,04:56 PM,-5,-10,-4,-10,41,93,89,0.6,1002,-4,6,257,21
2021-03-01 08:00:00,0,-6,19.6,3.5,1,79,08:31 PM,08:00 AM,07:11 AM,04:56 PM,-4,-9,-3,-9,39,91,87,0.9,1002,-3,5,259,22
2021-03-01 09:00:00,0,-6,19.6,3.5,1,79,08:31 PM,08:00 AM,07:11 AM,04:56 PM,-4,-8,-2,-8,37,89,86,1.2,1002,-2,4,260,23
2021-03-01 10:00:00,0,-6,19.6,3.5,1,79,08:31 PM,08:00 AM,07:11 AM,04:56 PM,-3,-7,-1,-7,35,91,89,0.6,1002,-1,3,259,23
2021-03-01 11:00:00,0,-6,19.6,3.5,1,79,08:31 PM,08:00 AM,07:11 AM,04:56 PM,-2,-6,0,-6,33,92,91,1.3,1002,0,3,257,22
2021-03-01 12:00:00,0,-6,19.6,3.5,1,79,08:31 PM,08:00 AM,07:11 AM,04:56 PM,-1,-5,0,-5,30,94,94,1.8,1003,0,2,256,22
2021-03-01 13:00:00,0,-6,19.6,3.5,1,79,08:31 PM,08:00 AM,07:11 AM,04:56 PM,-1,-6,0,-6,30,96,95,0.9,1003,0,2,256,22
2021-03-01 14:00:00,0,-6,19.6,3.5,1,79,08:31 PM,08:00 AM,07:11 AM,04:56 PM,-1,-6,0,-6,31,98,97,1.4,1004,0,2,257,23
2021-03-01 15:00:00,0,-6,19.6,3.5,1,79,08:31 PM,08:00 AM,07:11 AM,04:56 PM,-1,-6,-1,-6,31,100,98,1.8,1004,-1,2,258,23
2021-03-01 16:00:00,0,-6,19.6,3.5,1,79,08:31 PM,08:00 AM,07:11 AM,04:56 PM,-2,-8,-2,-8,38,100,98,0.9,1005,-2,2,259,25
2021-03-01 17:00:00,0,-6,19.6,3.5,1,79,08:31 PM,08:00 AM,07:11 AM,04:56 PM,-3,-10,-3,-10,45,100,98,2,1005,-3,1,260,26
2021-03-01 18:00:00,0,-6,19.6,3.5,1,79,08:31 PM,08:00 AM,07:11 AM,04:56 PM,-4,-11,-4,-11,51,100,98,2.6,1006,-4,1,261,28
2021-03-01 19:00:00,0,-6,19.6,3.5,1,79,08:31 PM,08:00 AM,07:11 AM,04:56 PM,-5,-12,-4,-12,51,100,98,1.3,1007,-4,1,258,26
2021-03-01 20:00:00,0,-6,19.6,3.5,1,79,08:31 PM,08:00 AM,07:11 AM,04:56 PM,-5,-12,-5,-12,50,100,98,1.5,1007,-5,1,255,25
2021-03-01 21:00:00,0,-6,19.6,3.5,1,79,08:31 PM,08:00 AM,07:11 AM,04:56 PM,-6,-13,-6,-13,49,100,98,2,1008,-6,1,253,23
2021-03-01 22:00:00,0,-6,19.6,3.5,1,79,08:31 PM,08:00 AM,07:11 AM,04:56 PM,-6,-12,-5,-12,42,98,98,1,1008,-6,2,259,20
2021-03-01 23:00:00,0,-6,19.6,3.5,1,79,08:31 PM,08:00 AM,07:11 AM,04:56 PM,-5,-11,-5,-11,35,96,98,1.2,1008,-6,2,265,17
2021-03-02 00:00:00,0,-6,25.4,3.7,1,72,10:34 PM,07:46 AM,07:06 AM,05:00 PM,-5,-10,-5,-10,28,93,98,1.6,1007,-6,2,271,13
2021-03-02 01:00:00,0,-6,25.4,3.7,1,72,10:34 PM,07:46 AM,07:06 AM,05:00 PM,-5,-10,-5,-10,28,96,98,0.8,1008,-6,2,267,14
2021-03-02 02:00:00,0,-6,25.4,3.7,1,72,10:34 PM,07:46 AM,07:06 AM,05:00 PM,-5,-11,-5,-11,29,98,98,0.9,1009,-6,2,264,14
2021-03-02 03:00:00,0,-6,25.4,3.7,1,72,10:34 PM,07:46 AM,07:06 AM,05:00 PM,-6,-11,-6,-11,30,100,98,1.2,1009,-6,2,261,14
2021-03-02 04:00:00,0,-6,25.4,3.7,1,72,10:34 PM,07:46 AM,07:06 AM,05:00 PM,-6,-11,-6,-11,34,100,98,0.6,1010,-6,2,260,16
2021-03-02 05:00:00,0,-6,25.4,3.7,1,72,10:34 PM,07:46 AM,07:06 AM,05:00 PM,-6,-12,-6,-12,38,100,97,1.7,1010,-6,2,259,18
2021-03-02 06:00:00,0,-6,25.4,3.7,1,72,10:34 PM,07:46 AM,07:06 AM,05:00 PM,-6,-12,-6,-12,41,100,97,2.3,1011,-6,2,258,20
2021-03-02 07:00:00,0,-6,25.4,3.7,1,72,10:34 PM,07:46 AM,07:06 AM,05:00 PM,-5,-11,-4,-11,38,100,96,1.1,1011,-4,2,257,20
2021-03-02 08:00:00,0,-6,25.4,3.7,1,72,10:34 PM,07:46 AM,07:06 AM,05:00 PM,-4,-9,-3,-9,35,100,96,1.4,1012,-3,2,256,21
2021-03-02 09:00:00,0,-6,25.4,3.7,1,72,10:34 PM,07:46 AM,07:06 AM,05:00 PM,-3,-8,-2,-8,32,100,96,1.8,1012,-2,2,256,21
2021-03-02 10:00:00,0,-6,25.4,3.7,1,72,10:34 PM,07:46 AM,07:06 AM,05:00 PM,-2,-7,-1,-7,30,98,96,0.9,1013,-1,2,257,21
2021-03-02 11:00:00,0,-6,25.4,3.7,1,72,10:34 PM,07:46 AM,07:06 AM,05:00 PM,-1,-6,0,-6,29,96,95,1.6,1013,0,2,257,21
2021-03-02 12:00:00,0,-6,25.4,3.7,1,72,10:34 PM,07:46 AM,07:06 AM,05:00 PM,0,-5,0,-5,27,93,95,2.1,1013,0,2,258,21
2021-03-02 13:00:00,0,-6,25.4,3.7,1,72,10:34 PM,07:46 AM,07:06 AM,05:00 PM,-1,-5,0,-5,29,95,95,1,1013,0,2,260,22
2021-03-02 14:00:00,0,-6,25.4,3.7,1,72,10:34 PM,07:46 AM,07:06 AM,05:00 PM,-1,-6,0,-6,31,96,94,1.2,1014,0,2,261,24
2021-03-02 15:00:00,0,-6,25.4,3.7,1,72,10:34 PM,07:46 AM,07:06 AM,05:00 PM,-1,-6,0,-6,33,97,94,1.6,1014,0,2,262,25
2021-03-02 16:00:00,0,-6,25.4,3.7,1,72,10:34 PM,07:46 AM,07:06 AM,05:00 PM,-2,-5,0,-5,36,98,94,0.8,1014,-1,2,262,25
2021-03-02 17:00:00,0,-6,25.4,3.7,1,72,10:34 PM,07:46 AM,07:06 AM,05:00 PM,-4,-4,1,-4,39,99,94,1.3,1014,-1,2,261,24
2021-03-02 18:00:00,0,-6,25.4,3.7,1,72,10:34 PM,07:46 AM,07:06 AM,05:00 PM,-5,-4,1,-4,42,100,93,1.7,1015,-2,2,260,24
2021-03-02 19:00:00,0,-6,25.4,3.7,1,72,10:34 PM,07:46 AM,07:06 AM,05:00 PM,-6,-6,-1,-6,43,100,94,0.8,1014,-3,2,261,23
2021-03-02 20:00:00,0,-6,25.4,3.7,1,72,10:34 PM,07:46 AM,07:06 AM,05:00 PM,-7,-8,-2,-8,44,100,94,0.7,1014,-4,2,261,22
2021-03-02 21:00:00,0,-6,25.4,3.7,1,72,10:34 PM,07:46 AM,07:06 AM,05:00 PM,-7,-10,-4,-10,45,100,94,1,1014,-5,2,261,21
2021-03-02 22:00:00,0,-6,25.4,3.7,1,72,10:34 PM,07:46 AM,07:06 AM,05:00 PM,-7,-11,-5,-11,42,100,95,0.5,1013,-6,2,260,20
2021-03-02 23:00:00,0,-6,25.4,3.7,1,72,10:34 PM,07:46 AM,07:06 AM,05:00 PM,-8,-13,-6,-13,40,100,95,0.9,1013,-7,2,258,19
2021-03-03 00:00:00,-2,-9,14.6,3.8,1,65,No moonrise,07:31 AM,07:02 AM,05:04 PM,-8,-14,-7,-14,38,100,96,1.2,1012,-7,2,257,18
2021-03-03 01:00:00,-2,-9,14.6,3.8,1,65,No moonrise,07:31 AM,07:02 AM,05:04 PM,-8,-14,-7,-14,37,100,95,0.6,1011,-7,2,256,18
2021-03-03 02:00:00,-2,-9,14.6,3.8,1,65,No moonrise,07:31 AM,07:02 AM,05:04 PM,-8,-14,-7,-14,37,100,93,0.7,1010,-7,2,256,18
2021-03-03 03:00:00,-2,-9,14.6,3.8,1,65,No moonrise,07:31 AM,07:02 AM,05:04 PM,-8,-14,-7,-14,36,100,92,0.9,1009,-7,2,255,17
2021-03-03 04:00:00,-2,-9,14.6,3.8,1,65,No moonrise,07:31 AM,07:02 AM,05:04 PM,-9,-14,-7,-14,35,93,91,0.5,1009,-7,3,257,17
2021-03-03 05:00:00,-2,-9,14.6,3.8,1,65,No moonrise,07:31 AM,07:02 AM,05:04 PM,-9,-14,-8,-14,34,86,90,1,1008,-8,3,260,16
2021-03-03 06:00:00,-2,-9,14.6,3.8,1,65,No moonrise,07:31 AM,07:02 AM,05:04 PM,-9,-14,-8,-14,33,80,89,1.3,1007,-8,4,262,16
2021-03-03 07:00:00,-2,-9,14.6,3.8,1,65,No moonrise,07:31 AM,07:02 AM,05:04 PM,-8,-13,-7,-13,30,83,90,0.6,1007,-7,4,258,16
2021-03-03 08:00:00,-2,-9,14.6,3.8,1,65,No moonrise,07:31 AM,07:02 AM,05:04 PM,-7,-12,-6,-12,27,86,90,0.7,1006,-6,3,254,16
2021-03-03 09:00:00,-2,-9,14.6,3.8,1,65,No moonrise,07:31 AM,07:02 AM,05:04 PM,-6,-11,-5,-11,24,90,90,0.9,1006,-5,3,250,16
2021-03-03 10:00:00,-2,-9,14.6,3.8,1,65,No moonrise,07:31 AM,07:02 AM,05:04 PM,-5,-9,-4,-9,22,90,89,0.4,1006,-4,3,250,16
2021-03-03 11:00:00,-2,-9,14.6,3.8,1,65,No moonrise,07:31 AM,07:02 AM,05:04 PM,-5,-8,-3,-8,20,91,88,0.8,1006,-3,2,251,15
2021-03-03 12:00:00,-2,-9,14.6,3.8,1,65,No moonrise,07:31 AM,07:02 AM,05:04 PM,-4,-7,-2,-7,18,91,88,1,1006,-2,2,251,14
2021-03-03 13:00:00,-2,-9,14.6,3.8,1,65,No moonrise,07:31 AM,07:02 AM,05:04 PM,-4,-7,-2,-7,17,81,88,0.5,1006,-2,3,262,13
2021-03-03 14:00:00,-2,-9,14.6,3.8,1,65,No moonrise,07:31 AM,07:02 AM,05:04 PM,-4,-7,-2,-7,15,72,88,0.6,1007,-2,3,272,12
2021-03-03 15:00:00,-2,-9,14.6,3.8,1,65,No moonrise,07:31 AM,07:02 AM,05:04 PM,-4,-6,-2,-6,14,62,89,0.8,1007,-2,4,282,12
2021-03-03 16:00:00,-2,-9,14.6,3.8,1,65,No moonrise,07:31 AM,07:02 AM,05:04 PM,-6,-6,-3,-6,13,67,87,0.4,1008,-3,4,286,10
2021-03-03 17:00:00,-2,-9,14.6,3.8,1,65,No moonrise,07:31 AM,07:02 AM,05:04 PM,-8,-6,-3,-6,13,72,86,0.5,1008,-4,3,289,9
2021-03-03 18:00:00,-2,-9,14.6,3.8,1,65,No moonrise,07:31 AM,07:02 AM,05:04 PM,-10,-7,-4,-7,12,77,85,0.6,1009,-5,3,293,7
2021-03-03 19:00:00,-2,-9,14.6,3.8,1,65,No moonrise,07:31 AM,07:02 AM,05:04 PM,-11,-8,-5,-8,13,76,86,0.3,1010,-6,3,294,7
2021-03-03 20:00:00,-2,-9,14.6,3.8,1,65,No moonrise,07:31 AM,07:02 AM,05:04 PM,-11,-10,-7,-10,14,76,88,0.7,1010,-8,4,294,7
2021-03-03 21:00:00,-2,-9,14.6,3.8,1,65,No moonrise,07:31 AM,07:02 AM,05:04 PM,-12,-12,-8,-12,15,76,90,1,1011,-9,4,295,8
2021-03-03 22:00:00,-2,-9,14.6,3.8,1,65,No moonrise,07:31 AM,07:02 AM,05:04 PM,-12,-13,-9,-13,18,79,90,0.5,1012,-9,3,303,9
2021-03-03 23:00:00,-2,-9,14.6,3.8,1,65,No moonrise,07:31 AM,07:02 AM,05:04 PM,-11,-14,-9,-14,20,82,90,0.9,1013,-9,3,312,9
2021-03-04 00:00:00,-5,-12,11.3,3.9,1,57,12:44 AM,07:11 AM,06:58 AM,05:08 PM,-11,-15,-9,-15,22,85,90,1.2,1014,-9,2,320,10
2021-03-04 01:00:00,-5,-12,11.3,3.9,1,57,12:44 AM,07:11 AM,06:58 AM,05:08 PM,-10,-14,-9,-14,19,88,91,0.6,1014,-9,2,306,10
2021-03-04 02:00:00,-5,-12,11.3,3.9,1,57,12:44 AM,07:11 AM,06:58 AM,05:08 PM,-9,-12,-8,-12,16,92,92,0.5,1014,-8,2,293,9
2021-03-04 03:00:00,-5,-12,11.3,3.9,1,57,12:44 AM,07:11 AM,06:58 AM,05:08 PM,-8,-11,-7,-11,13,96,93,0.7,1015,-7,2,279,8
2021-03-04 04:00:00,-5,-12,11.3,3.9,1,57,12:44 AM,07:11 AM,06:58 AM,05:08 PM,-8,-11,-7,-11,12,97,93,0.4,1015,-7,2,282,8
2021-03-04 05:00:00,-5,-12,11.3,3.9,1,57,12:44 AM,07:11 AM,06:58 AM,05:08 PM,-8,-11,-7,-11,11,98,94,0.7,1015,-7,2,285,8
2021-03-04 06:00:00,-5,-12,11.3,3.9,1,57,12:44 AM,07:11 AM,06:58 AM,05:08 PM,-7,-10,-7,-10,10,99,94,0.9,1015,-7,2,288,8
2021-03-04 07:00:00,-5,-12,11.3,3.9,1,57,12:44 AM,07:11 AM,06:58 AM,05:08 PM,-7,-10,-6,-10,9,99,94,0.4,1015,-6,2,289,8
2021-03-04 08:00:00,-5,-12,11.3,3.9,1,57,12:44 AM,07:11 AM,06:58 AM,05:08 PM,-7,-10,-6,-10,9,99,94,0.5,1015,-6,2,290,7
2021-03-04 09:00:00,-5,-12,11.3,3.9,1,57,12:44 AM,07:11 AM,06:58 AM,05:08 PM,-7,-9,-6,-9,8,99,95,0.6,1015,-6,2,291,7
2021-03-04 10:00:00,-5,-12,11.3,3.9,1,57,12:44 AM,07:11 AM,06:58 AM,05:08 PM,-7,-9,-6,-9,9,98,94,0.3,1015,-6,2,293,7
2021-03-04 11:00:00,-5,-12,11.3,3.9,1,57,12:44 AM,07:11 AM,06:58 AM,05:08 PM,-6,-9,-5,-9,9,97,93,0.6,1015,-5,2,295,8
2021-03-04 12:00:00,-5,-12,11.3,3.9,1,57,12:44 AM,07:11 AM,06:58 AM,05:08 PM,-6,-9,-5,-9,10,95,93,0.8,1015,-5,2,297,8
2021-03-04 13:00:00,-5,-12,11.3,3.9,1,57,12:44 AM,07:11 AM,06:58 AM,05:08 PM,-6,-9,-5,-9,10,90,91,0.4,1015,-5,3,298,8
2021-03-04 14:00:00,-5,-12,11.3,3.9,1,57,12:44 AM,07:11 AM,06:58 AM,05:08 PM,-7,-9,-6,-9,11,84,90,0.4,1015,-6,4,300,9
2021-03-04 15:00:00,-5,-12,11.3,3.9,1,57,12:44 AM,07:11 AM,06:58 AM,05:08 PM,-7,-10,-6,-10,11,78,89,0.5,1015,-6,5,302,9
2021-03-04 16:00:00,-5,-12,11.3,3.9,1,57,12:44 AM,07:11 AM,06:58 AM,05:08 PM,-8,-10,-6,-10,11,82,90,0.3,1015,-6,6,292,8
2021-03-04 17:00:00,-5,-12,11.3,3.9,1,57,12:44 AM,07:11 AM,06:58 AM,05:08 PM,-9,-11,-7,-11,11,86,91,0.3,1015,-7,6,282,8
2021-03-04 18:00:00,-5,-12,11.3,3.9,1,57,12:44 AM,07:11 AM,06:58 AM,05:08 PM,-9,-12,-8,-12,11,90,92,0.4,1016,-8,7,273,7
2021-03-04 19:00:00,-5,-12,11.3,3.9,1,57,12:44 AM,07:11 AM,06:58 AM,05:08 PM,-9,-12,-9,-12,11,94,93,0.2,1016,-9,6,264,7
2021-03-04 20:00:00,-5,-12,11.3,3.9,1,57,12:44 AM,07:11 AM,06:58 AM,05:08 PM,-9,-13,-10,-13,12,97,94,0.6,1016,-10,5,256,7
2021-03-04 21:00:00,-5,-12,11.3,3.9,1,57,12:44 AM,07:11 AM,06:58 AM,05:08 PM,-9,-13,-10,-13,13,100,95,0.8,1017,-12,4,247,8
2021-03-04 22:00:00,-5,-12,11.3,3.9,1,57,12:44 AM,07:11 AM,06:58 AM,05:08 PM,-9,-13,-10,-13,14,100,95,0.4,1017,-11,3,254,8
2021-03-04 23:00:00,-5,-12,11.3,3.9,1,57,12:44 AM,07:11 AM,06:58 AM,05:08 PM,-9,-13,-9,-13,15,100,95,1.1,1017,-11,3,260,8
2021-03-05 00:00:00,-5,-12,8.3,4,1,50,03:16 AM,06:34 AM,06:53 AM,05:12 PM,-9,-13,-9,-13,16,100,96,1.5,1017,-10,2,267,8
2021-03-05 01:00:00,-5,-12,8.3,4,1,50,03:16 AM,06:34 AM,06:53 AM,05:12 PM,-9,-13,-9,-13,16,100,95,0.8,1017,-10,2,267,8
2021-03-05 02:00:00,-5,-12,8.3,4,1,50,03:16 AM,06:34 AM,06:53 AM,05:12 PM,-9,-13,-9,-13,16,100,94,0.7,1018,-9,2,267,9
2021-03-05 03:00:00,-5,-12,8.3,4,1,50,03:16 AM,06:34 AM,06:53 AM,05:12 PM,-9,-13,-9,-13,15,100,94,0.9,1018,-9,2,267,9
2021-03-05 04:00:00,-5,-12,8.3,4,1,50,03:16 AM,06:34 AM,06:53 AM,05:12 PM,-9,-13,-9,-13,15,100,93,0.4,1018,-9,2,260,9
2021-03-05 05:00:00,-5,-12,8.3,4,1,50,03:16 AM,06:34 AM,06:53 AM,05:12 PM,-10,-13,-9,-13,15,100,93,0.5,1018,-9,2,253,8
2021-03-05 06:00:00,-5,-12,8.3,4,1,50,03:16 AM,06:34 AM,06:53 AM,05:12 PM,-10,-13,-9,-13,15,100,92,0.7,1018,-9,2,246,8
2021-03-05 07:00:00,-5,-12,8.3,4,1,50,03:16 AM,06:34 AM,06:53 AM,05:12 PM,-9,-12,-8,-12,14,100,91,0.3,1018,-8,2,234,9
2021-03-05 08:00:00,-5,-12,8.3,4,1,50,03:16 AM,06:34 AM,06:53 AM,05:12 PM,-9,-12,-7,-12,13,100,90,0.3,1017,-7,2,223,9
2021-03-05 09:00:00,-5,-12,8.3,4,1,50,03:16 AM,06:34 AM,06:53 AM,05:12 PM,-8,-11,-7,-11,12,100,88,0.4,1017,-7,2,212,9
2021-03-05 10:00:00,-5,-12,8.3,4,1,50,03:16 AM,06:34 AM,06:53 AM,05:12 PM,-8,-11,-6,-11,12,100,86,0.2,1017,-6,2,200,10
2021-03-05 11:00:00,-5,-12,8.3,4,1,50,03:16 AM,06:34 AM,06:53 AM,05:12 PM,-8,-10,-6,-10,13,100,84,0.2,1016,-6,2,189,11
2021-03-05 12:00:00,-5,-12,8.3,4,1,50,03:16 AM,06:34 AM,06:53 AM,05:12 PM,-8,-10,-5,-10,13,100,82,0.3,1016,-5,2,177,12
2021-03-05 13:00:00,-5,-12,8.3,4,1,50,03:16 AM,06:34 AM,06:53 AM,05:12 PM,-8,-10,-5,-10,14,100,81,0.1,1015,-5,3,172,12
2021-03-05 14:00:00,-5,-12,8.3,4,1,50,03:16 AM,06:34 AM,06:53 AM,05:12 PM,-8,-11,-5,-11,15,100,81,0.1,1014,-5,3,167,13
2021-03-05 15:00:00,-5,-12,8.3,4,1,50,03:16 AM,06:34 AM,06:53 AM,05:12 PM,-8,-11,-6,-11,16,100,81,0.1,1013,-6,4,162,14
2021-03-05 16:00:00,-5,-12,8.3,4,1,50,03:16 AM,06:34 AM,06:53 AM,05:12 PM,-9,-12,-6,-12,20,100,83,0.1,1012,-6,4,160,15
2021-03-05 17:00:00,-5,-12,8.3,4,1,50,03:16 AM,06:34 AM,06:53 AM,05:12 PM,-9,-13,-7,-13,23,100,85,0.2,1011,-7,3,157,16
2021-03-05 18:00:00,-5,-12,8.3,4,1,50,03:16 AM,06:34 AM,06:53 AM,05:12 PM,-9,-14,-7,-14,27,100,88,0.2,1009,-7,3,154,17
2021-03-05 19:00:00,-5,-12,8.3,4,1,50,03:16 AM,06:34 AM,06:53 AM,05:12 PM,-9,-14,-9,-14,29,98,88,0.1,1007,-9,3,152,17
2021-03-05 20:00:00,-5,-12,8.3,4,1,50,03:16 AM,06:34 AM,06:53 AM,05:12 PM,-9,-14,-10,-14,31,96,87,0.2,1006,-11,2,150,18
2021-03-05 21:00:00,-5,-12,8.3,4,1,50,03:16 AM,06:34 AM,06:53 AM,05:12 PM,-9,-15,-11,-15,33,95,87,0.3,1004,-12,2,148,18
2021-03-05 22:00:00,-5,-12,8.3,4,1,50,03:16 AM,06:34 AM,06:53 AM,05:12 PM,-8,-14,-10,-14,30,96,90,0.1,1002,-11,2,154,17
2021-03-05 23:00:00,-5,-12,8.3,4,1,50,03:16 AM,06:34 AM,06:53 AM,05:12 PM,-8,-13,-9,-13,27,98,92,0.7,1001,-10,2,161,16
2021-03-06 00:00:00,-5,-15,22.6,4,1,43,12:00 AM,12:00 AM,06:49 AM,05:16 PM,-7,-13,-8,-13,24,100,94,0.9,999,-9,2,167,14
2021-03-06 01:00:00,-5,-15,22.6,4,1,43,12:00 AM,12:00 AM,06:49 AM,05:16 PM,-7,-11,-7,-11,21,100,95,0.4,997,-8,2,176,13
2021-03-06 02:00:00,-5,-15,22.6,4,1,43,12:00 AM,12:00 AM,06:49 AM,05:16 PM,-6,-10,-6,-10,18,100,95,1.2,996,-7,2,185,11
2021-03-06 03:00:00,-5,-15,22.6,4,1,43,12:00 AM,12:00 AM,06:49 AM,05:16 PM,-6,-9,-5,-9,14,100,96,1.6,994,-5,2,194,9
2021-03-06 04:00:00,-5,-15,22.6,4,1,43,12:00 AM,12:00 AM,06:49 AM,05:16 PM,-6,-9,-5,-9,15,100,96,0.8,994,-5,2,213,10
2021-03-06 05:00:00,-5,-15,22.6,4,1,43,12:00 AM,12:00 AM,06:49 AM,05:16 PM,-6,-10,-5,-10,15,100,96,2.6,993,-5,2,232,11
2021-03-06 06:00:00,-5,-15,22.6,4,1,43,12:00 AM,12:00 AM,06:49 AM,05:16 PM,-5,-10,-5,-10,16,100,96,3.4,993,-5,2,251,13
2021-03-06 07:00:00,-5,-15,22.6,4,1,43,12:00 AM,12:00 AM,06:49 AM,05:16 PM,-6,-11,-6,-11,18,100,94,1.7,993,-6,2,257,15
2021-03-06 08:00:00,-5,-15,22.6,4,1,43,12:00 AM,12:00 AM,06:49 AM,05:16 PM,-7,-13,-6,-13,20,100,93,1.9,993,-6,2,263,16
2021-03-06 09:00:00,-5,-15,22.6,4,1,43,12:00 AM,12:00 AM,06:49 AM,05:16 PM,-8,-14,-7,-14,23,100,92,2.5,993,-7,2,269,18
2021-03-06 10:00:00,-5,-15,22.6,4,1,43,12:00 AM,12:00 AM,06:49 AM,05:16 PM,-10,-15,-8,-15,22,100,86,1.3,993,-8,2,272,18
2021-03-06 11:00:00,-5,-15,22.6,4,1,43,12:00 AM,12:00 AM,06:49 AM,05:16 PM,-11,-15,-8,-15,22,100,81,1.6,994,-8,2,275,17
2021-03-06 12:00:00,-5,-15,22.6,4,1,43,12:00 AM,12:00 AM,06:49 AM,05:16 PM,-13,-16,-9,-16,22,100,75,2.1,994,-9,2,278,17
2021-03-06 13:00:00,-5,-15,22.6,4,1,43,12:00 AM,12:00 AM,06:49 AM,05:16 PM,-13,-16,-10,-16,21,100,74,1,994,-10,3,274,16
2021-03-06 14:00:00,-5,-15,22.6,4,1,43,12:00 AM,12:00 AM,06:49 AM,05:16 PM,-14,-17,-10,-17,19,100,72,0.6,995,-10,4,269,15
2021-03-06 15:00:00,-5,-15,22.6,4,1,43,12:00 AM,12:00 AM,06:49 AM,05:16 PM,-15,-17,-10,-17,18,100,71,0.8,995,-10,5,264,14
2021-03-06 16:00:00,-5,-15,22.6,4,1,43,12:00 AM,12:00 AM,06:49 AM,05:16 PM,-15,-18,-11,-18,19,97,74,0.4,995,-11,5,240,15
2021-03-06 17:00:00,-5,-15,22.6,4,1,43,12:00 AM,12:00 AM,06:49 AM,05:16 PM,-14,-18,-11,-18,20,95,78,0.2,995,-11,6,215,15
2021-03-06 18:00:00,-5,-15,22.6,4,1,43,12:00 AM,12:00 AM,06:49 AM,05:16 PM,-14,-19,-12,-19,21,92,81,0.3,995,-12,6,190,15
2021-03-06 19:00:00,-5,-15,22.6,4,1,43,12:00 AM,12:00 AM,06:49 AM,05:16 PM,-15,-21,-13,-21,25,73,81,0.1,994,-13,7,162,16
2021-03-06 20:00:00,-5,-15,22.6,4,1,43,12:00 AM,12:00 AM,06:49 AM,05:16 PM,-16,-22,-14,-22,29,54,81,0.1,994,-14,7,134,17
2021-03-06 21:00:00,-5,-15,22.6,4,1,43,12:00 AM,12:00 AM,06:49 AM,05:16 PM,-18,-24,-15,-24,32,35,81,0.1,994,-15,8,105,17
2021-03-06 22:00:00,-5,-15,22.6,4,1,43,12:00 AM,12:00 AM,06:49 AM,05:16 PM,-15,-21,-13,-21,27,57,86,0.1,997,-14,6,153,15
2021-03-06 23:00:00,-5,-15,22.6,4,1,43,12:00 AM,12:00 AM,06:49 AM,05:16 PM,-13,-17,-12,-17,21,78,91,1.2,1000,-12,4,201,12
2021-03-07 00:00:00,-6,-15,5.4,7.1,1,35,12:00 AM,12:00 AM,06:45 AM,05:19 PM,-10,-14,-10,-14,15,100,95,1.6,1002,-11,2,249,9
2021-03-07 01:00:00,-6,-15,5.4,7.1,1,35,12:00 AM,12:00 AM,06:45 AM,05:19 PM,-10,-14,-10,-14,13,96,95,0.8,1003,-11,2,212,8
2021-03-07 02:00:00,-6,-15,5.4,7.1,1,35,12:00 AM,12:00 AM,06:45 AM,05:19 PM,-10,-13,-10,-13,11,92,95,0.7,1005,-10,2,176,7
2021-03-07 03:00:00,-6,-15,5.4,7.1,1,35,12:00 AM,12:00 AM,06:45 AM,05:19 PM,-10,-12,-9,-12,9,88,94,0.9,1006,-9,2,139,5
2021-03-07 04:00:00,-6,-15,5.4,7.1,1,35,12:00 AM,12:00 AM,06:45 AM,05:19 PM,-11,-13,-10,-13,12,85,93,0.4,1007,-10,3,127,6
2021-03-07 05:00:00,-6,-15,5.4,7.1,1,35,12:00 AM,12:00 AM,06:45 AM,05:19 PM,-11,-14,-10,-14,14,81,91,0.2,1009,-10,3,114,7
2021-03-07 06:00:00,-6,-15,5.4,7.1,1,35,12:00 AM,12:00 AM,06:45 AM,05:19 PM,-12,-14,-10,-14,16,78,89,0.3,1010,-10,4,102,8
2021-03-07 07:00:00,-6,-15,5.4,7.1,1,35,12:00 AM,12:00 AM,06:45 AM,05:19 PM,-11,-13,-9,-13,15,61,86,0.1,1011,-9,5,106,8
2021-03-07 08:00:00,-6,-15,5.4,7.1,1,35,12:00 AM,12:00 AM,06:45 AM,05:19 PM,-11,-13,-9,-13,13,45,84,0.1,1013,-9,7,109,7
2021-03-07 09:00:00,-6,-15,5.4,7.1,1,35,12:00 AM,12:00 AM,06:45 AM,05:19 PM,-11,-12,-8,-12,12,29,81,0.1,1014,-8,8,113,7
2021-03-07 10:00:00,-6,-15,5.4,7.1,1,35,12:00 AM,12:00 AM,06:45 AM,05:19 PM,-10,-10,-7,-10,9,21,79,0,1015,-7,9,128,5
2021-03-07 11:00:00,-6,-15,5.4,7.1,1,35,12:00 AM,12:00 AM,06:45 AM,05:19 PM,-10,-8,-6,-8,6,13,77,0,1015,-6,9,143,4
2021-03-07 12:00:00,-6,-15,5.4,7.1,1,35,12:00 AM,12:00 AM,06:45 AM,05:19 PM,-9,-7,-6,-7,3,6,76,0,1016,-6,10,157,2
2021-03-07 13:00:00,-6,-15,5.4,7.1,1,35,12:00 AM,12:00 AM,06:45 AM,05:19 PM,-9,-7,-6,-7,3,27,75,0,1016,-6,10,163,3
2021-03-07 14:00:00,-6,-15,5.4,7.1,1,35,12:00 AM,12:00 AM,06:45 AM,05:19 PM,-10,-7,-6,-7,4,48,75,0,1017,-6,10,168,3
2021-03-07 15:00:00,-6,-15,5.4,7.1,1,35,12:00 AM,12:00 AM,06:45 AM,05:19 PM,-10,-8,-6,-8,5,69,74,0,1017,-6,10,174,3
2021-03-07 16:00:00,-6,-15,5.4,7.1,1,35,12:00 AM,12:00 AM,06:45 AM,05:19 PM,-11,-9,-7,-9,7,79,74,0,1017,-7,10,174,4
2021-03-07 17:00:00,-6,-15,5.4,7.1,1,35,12:00 AM,12:00 AM,06:45 AM,05:19 PM,-12,-11,-8,-11,9,90,74,0,1017,-8,10,174,5
2021-03-07 18:00:00,-6,-15,5.4,7.1,1,35,12:00 AM,12:00 AM,06:45 AM,05:19 PM,-13,-13,-9,-13,12,100,74,0,1017,-9,10,174,6
2021-03-07 19:00:00,-6,-15,5.4,7.1,1,35,12:00 AM,12:00 AM,06:45 AM,05:19 PM,-12,-14,-10,-14,14,100,79,0,1017,-11,8,181,7
2021-03-07 20:00:00,-6,-15,5.4,7.1,1,35,12:00 AM,12:00 AM,06:45 AM,05:19 PM,-12,-15,-11,-15,15,100,84,0.2,1017,-13,6,189,8
2021-03-07 21:00:00,-6,-15,5.4,7.1,1,35,12:00 AM,12:00 AM,06:45 AM,05:19 PM,-11,-16,-12,-16,17,100,88,0.3,1016,-15,5,197,9
2021-03-07 22:00:00,-6,-15,5.4,7.1,1,35,12:00 AM,12:00 AM,06:45 AM,05:19 PM,-11,-16,-11,-16,17,100,90,0.2,1017,-14,4,181,9
2021-03-07 23:00:00,-6,-15,5.4,7.1,1,35,12:00 AM,12:00 AM,06:45 AM,05:19 PM,-10,-15,-11,-15,16,100,91,0.2,1017,-12,4,166,9
2021-03-08 00:00:00,-4,-11,4.9,4.1,1,28,12:00 AM,12:00 AM,06:41 AM,05:23 PM,-10,-15,-10,-15,16,100,92,0.3,1018,-11,3,151,10
2021-03-08 01:00:00,-4,-11,4.9,4.1,1,28,12:00 AM,12:00 AM,06:41 AM,05:23 PM,-10,-15,-10,-15,17,100,93,0.2,1017,-10,3,149,10
2021-03-08 02:00:00,-4,-11,4.9,4.1,1,28,12:00 AM,12:00 AM,06:41 AM,05:23 PM,-10,-14,-9,-14,17,100,93,0.5,1017,-10,2,146,11
2021-03-08 03:00:00,-4,-11,4.9,4.1,1,28,12:00 AM,12:00 AM,06:41 AM,05:23 PM,-10,-14,-9,-14,18,100,94,0.6,1016,-9,2,143,11
2021-03-08 04:00:00,-4,-11,4.9,4.1,1,28,12:00 AM,12:00 AM,06:41 AM,05:23 PM,-9,-14,-9,-14,17,100,94,0.3,1016,-9,2,135,11
2021-03-08 05:00:00,-4,-11,4.9,4.1,1,28,12:00 AM,12:00 AM,06:41 AM,05:23 PM,-9,-14,-9,-14,16,100,94,0.8,1016,-9,2,127,10
2021-03-08 06:00:00,-4,-11,4.9,4.1,1,28,12:00 AM,12:00 AM,06:41 AM,05:23 PM,-9,-14,-9,-14,15,100,94,1,1015,-9,2,120,10
2021-03-08 07:00:00,-4,-11,4.9,4.1,1,28,12:00 AM,12:00 AM,06:41 AM,05:23 PM,-9,-12,-8,-12,14,96,91,0.5,1015,-8,3,120,9
2021-03-08 08:00:00,-4,-11,4.9,4.1,1,28,12:00 AM,12:00 AM,06:41 AM,05:23 PM,-9,-11,-7,-11,12,93,89,0.3,1015,-7,3,120,8
2021-03-08 09:00:00,-4,-11,4.9,4.1,1,28,12:00 AM,12:00 AM,06:41 AM,05:23 PM,-8,-10,-6,-10,10,89,86,0.4,1015,-6,4,121,8
2021-03-08 10:00:00,-4,-11,4.9,4.1,1,28,12:00 AM,12:00 AM,06:41 AM,05:23 PM,-8,-9,-6,-9,9,91,84,0.2,1015,-6,4,123,7
2021-03-08 11:00:00,-4,-11,4.9,4.1,1,28,12:00 AM,12:00 AM,06:41 AM,05:23 PM,-8,-8,-5,-8,8,93,81,0.1,1015,-5,3,125,6
2021-03-08 12:00:00,-4,-11,4.9,4.1,1,28,12:00 AM,12:00 AM,06:41 AM,05:23 PM,-8,-7,-4,-7,7,95,79,0.1,1015,-4,3,127,6
2021-03-08 13:00:00,-4,-11,4.9,4.1,1,28,12:00 AM,12:00 AM,06:41 AM,05:23 PM,-8,-7,-5,-7,7,96,78,0.1,1015,-5,4,126,6
2021-03-08 14:00:00,-4,-11,4.9,4.1,1,28,12:00 AM,12:00 AM,06:41 AM,05:23 PM,-8,-7,-5,-7,7,98,77,0,1015,-5,6,125,6
2021-03-08 15:00:00,-4,-11,4.9,4.1,1,28,12:00 AM,12:00 AM,06:41 AM,05:23 PM,-9,-7,-5,-7,6,100,75,0,1015,-5,7,125,5
2021-03-08 16:00:00,-4,-11,4.9,4.1,1,28,12:00 AM,12:00 AM,06:41 AM,05:23 PM,-10,-8,-6,-8,10,90,74,0,1015,-6,8,123,7
2021-03-08 17:00:00,-4,-11,4.9,4.1,1,28,12:00 AM,12:00 AM,06:41 AM,05:23 PM,-11,-8,-6,-8,14,79,74,0,1015,-7,9,122,8
2021-03-08 18:00:00,-4,-11,4.9,4.1,1,28,12:00 AM,12:00 AM,06:41 AM,05:23 PM,-13,-9,-7,-9,17,69,73,0,1015,-8,10,120,9
2021-03-08 19:00:00,-4,-11,4.9,4.1,1,28,12:00 AM,12:00 AM,06:41 AM,05:23 PM,-14,-11,-8,-11,19,62,72,0,1015,-9,10,117,10
2021-03-08 20:00:00,-4,-11,4.9,4.1,1,28,12:00 AM,12:00 AM,06:41 AM,05:23 PM,-15,-13,-9,-13,22,55,70,0,1016,-10,10,114,10
2021-03-08 21:00:00,-4,-11,4.9,4.1,1,28,12:00 AM,12:00 AM,06:41 AM,05:23 PM,-16,-15,-10,-15,24,49,69,0,1016,-11,10,111,11
2021-03-08 22:00:00,-4,-11,4.9,4.1,1,28,12:00 AM,12:00 AM,06:41 AM,05:23 PM,-16,-15,-10,-15,24,40,72,0,1016,-11,10,110,11
2021-03-08 23:00:00,-4,-11,4.9,4.1,1,28,12:00 AM,12:00 AM,06:41 AM,05:23 PM,-16,-15,-10,-15,24,32,74,0,1017,-11,10,110,11
2021-03-09 00:00:00,-8,-13,0,8.7,2,21,12:00 AM,12:00 AM,06:36 AM,05:27 PM,-16,-15,-10,-15,24,24,77,0,1017,-11,10,109,11
2021-03-09 01:00:00,-8,-13,0,8.7,2,21,12:00 AM,12:00 AM,06:36 AM,05:27 PM,-16,-16,-11,-16,24,17,76,0,1017,-12,10,110,11
2021-03-09 02:00:00,-8,-13,0,8.7,2,21,12:00 AM,12:00 AM,06:36 AM,05:27 PM,-16,-17,-12,-17,24,11,75,0,1017,-12,10,111,11
2021-03-09 03:00:00,-8,-13,0,8.7,2,21,12:00 AM,12:00 AM,06:36 AM,05:27 PM,-16,-18,-12,-18,24,4,74,0,1018,-12,10,112,12
2021-03-09 04:00:00,-8,-13,0,8.7,2,21,12:00 AM,12:00 AM,06:36 AM,05:27 PM,-16,-18,-12,-18,24,3,73,0,1018,-12,10,113,12
2021-03-09 05:00:00,-8,-13,0,8.7,2,21,12:00 AM,12:00 AM,06:36 AM,05:27 PM,-16,-18,-12,-18,25,1,72,0,1018,-12,10,114,12
2021-03-09 06:00:00,-8,-13,0,8.7,2,21,12:00 AM,12:00 AM,06:36 AM,05:27 PM,-16,-19,-12,-19,25,0,71,0,1019,-12,10,115,12
2021-03-09 07:00:00,-8,-13,0,8.7,2,21,12:00 AM,12:00 AM,06:36 AM,05:27 PM,-16,-18,-11,-18,23,0,70,0,1019,-11,10,116,12
2021-03-09 08:00:00,-8,-13,0,8.7,2,21,12:00 AM,12:00 AM,06:36 AM,05:27 PM,-15,-17,-11,-17,21,0,69,0,1020,-11,10,116,12
2021-03-09 09:00:00,-8,-13,0,8.7,2,21,12:00 AM,12:00 AM,06:36 AM,05:27 PM,-14,-16,-10,-16,19,0,69,0,1020,-10,10,117,12
2021-03-09 10:00:00,-8,-13,0,8.7,2,21,12:00 AM,12:00 AM,06:36 AM,05:27 PM,-14,-15,-9,-15,17,0,68,0,1020,-9,10,117,12
2021-03-09 11:00:00,-8,-13,0,8.7,2,21,12:00 AM,12:00 AM,06:36 AM,05:27 PM,-13,-14,-8,-14,15,0,68,0,1020,-8,10,118,11
2021-03-09 12:00:00,-8,-13,0,8.7,2,21,12:00 AM,12:00 AM,06:36 AM,05:27 PM,-13,-13,-8,-13,13,0,68,0,1021,-8,10,118,10
2021-03-09 13:00:00,-8,-13,0,8.7,2,21,12:00 AM,12:00 AM,06:36 AM,05:27 PM,-13,-13,-8,-13,13,2,67,0,1021,-8,10,124,11
2021-03-09 14:00:00,-8,-13,0,8.7,2,21,12:00 AM,12:00 AM,06:36 AM,05:27 PM,-13,-13,-8,-13,14,3,67,0,1021,-8,10,130,11
2021-03-09 15:00:00,-8,-13,0,8.7,2,21,12:00 AM,12:00 AM,06:36 AM,05:27 PM,-13,-13,-8,-13,15,5,67,0,1021,-8,10,136,11
2021-03-09 16:00:00,-8,-13,0,8.7,2,21,12:00 AM,12:00 AM,06:36 AM,05:27 PM,-15,-13,-8,-13,19,6,66,0,1021,-9,10,138,12
2021-03-09 17:00:00,-8,-13,0,8.7,2,21,12:00 AM,12:00 AM,06:36 AM,05:27 PM,-16,-13,-8,-13,23,7,66,0,1021,-10,10,140,13
2021-03-09 18:00:00,-8,-13,0,8.7,2,21,12:00 AM,12:00 AM,06:36 AM,05:27 PM,-17,-13,-9,-13,26,8,66,0,1021,-11,10,142,14
2021-03-09 19:00:00,-8,-13,0,8.7,2,21,12:00 AM,12:00 AM,06:36 AM,05:27 PM,-18,-15,-10,-15,28,17,65,0,1021,-12,10,143,14
2021-03-09 20:00:00,-8,-13,0,8.7,2,21,12:00 AM,12:00 AM,06:36 AM,05:27 PM,-18,-16,-11,-16,29,26,64,0,1021,-12,10,143,14
2021-03-09 21:00:00,-8,-13,0,8.7,2,21,12:00 AM,12:00 AM,06:36 AM,05:27 PM,-19,-18,-12,-18,31,35,63,0,1021,-13,10,144,14
2021-03-09 22:00:00,-8,-13,0,8.7,2,21,12:00 AM,12:00 AM,06:36 AM,05:27 PM,-18,-18,-12,-18,30,36,64,0,1020,-13,10,145,14
2021-03-09 23:00:00,-8,-13,0,8.7,2,21,12:00 AM,12:00 AM,06:36 AM,05:27 PM,-18,-18,-12,-18,30,38,64,0,1020,-12,10,146,14
2021-03-10 00:00:00,-3,-12,0,7.2,2,14,08:53 AM,10:55 AM,06:32 AM,05:31 PM,-17,-19,-12,-19,29,39,65,0,1020,-12,10,147,14
2021-03-10 01:00:00,-3,-12,0,7.2,2,14,08:53 AM,10:55 AM,06:32 AM,05:31 PM,-17,-18,-11,-18,28,39,64,0,1020,-11,10,148,13
2021-03-10 02:00:00,-3,-12,0,7.2,2,14,08:53 AM,10:55 AM,06:32 AM,05:31 PM,-16,-17,-11,-17,28,40,63,0,1019,-11,10,148,13
2021-03-10 03:00:00,-3,-12,0,7.2,2,14,08:53 AM,10:55 AM,06:32 AM,05:31 PM,-16,-16,-10,-16,27,40,63,0,1019,-10,10,149,13
2021-03-10 04:00:00,-3,-12,0,7.2,2,14,08:53 AM,10:55 AM,06:32 AM,05:31 PM,-16,-16,-10,-16,26,34,61,0,1018,-10,10,147,12
2021-03-10 05:00:00,-3,-12,0,7.2,2,14,08:53 AM,10:55 AM,06:32 AM,05:31 PM,-16,-15,-9,-15,25,29,59,0,1018,-9,10,146,12
2021-03-10 06:00:00,-3,-12,0,7.2,2,14,08:53 AM,10:55 AM,06:32 AM,05:31 PM,-15,-14,-9,-14,24,23,58,0,1017,-9,10,145,12
2021-03-10 07:00:00,-3,-12,0,7.2,2,14,08:53 AM,10:55 AM,06:32 AM,05:31 PM,-14,-13,-7,-13,23,39,57,0,1016,-7,10,145,12
2021-03-10 08:00:00,-3,-12,0,7.2,2,14,08:53 AM,10:55 AM,06:32 AM,05:31 PM,-14,-11,-6,-11,21,56,57,0,1016,-6,10,145,12
2021-03-10 09:00:00,-3,-12,0,7.2,2,14,08:53 AM,10:55 AM,06:32 AM,05:31 PM,-13,-10,-5,-10,19,72,56,0,1015,-5,10,144,12
2021-03-10 10:00:00,-3,-12,0,7.2,2,14,08:53 AM,10:55 AM,06:32 AM,05:31 PM,-12,-9,-5,-9,17,62,58,0,1014,-5,10,142,11
2021-03-10 11:00:00,-3,-12,0,7.2,2,14,08:53 AM,10:55 AM,06:32 AM,05:31 PM,-10,-8,-4,-8,16,52,60,0,1014,-4,10,139,11
2021-03-10 12:00:00,-3,-12,0,7.2,2,14,08:53 AM,10:55 AM,06:32 AM,05:31 PM,-9,-7,-3,-7,14,42,61,0,1013,-3,10,137,10
2021-03-10 13:00:00,-3,-12,0,7.2,2,14,08:53 AM,10:55 AM,06:32 AM,05:31 PM,-10,-7,-3,-7,15,40,61,0,1012,-3,10,135,10
2021-03-10 14:00:00,-3,-12,0,7.2,2,14,08:53 AM,10:55 AM,06:32 AM,05:31 PM,-10,-7,-3,-7,16,38,60,0,1012,-3,10,133,11
2021-03-10 15:00:00,-3,-12,0,7.2,2,14,08:53 AM,10:55 AM,06:32 AM,05:31 PM,-10,-7,-3,-7,18,37,60,0,1011,-3,10,132,11
2021-03-10 16:00:00,-3,-12,0,7.2,2,14,08:53 AM,10:55 AM,06:32 AM,05:31 PM,-11,-8,-4,-8,20,34,58,0,1010,-4,10,128,11
2021-03-10 17:00:00,-3,-12,0,7.2,2,14,08:53 AM,10:55 AM,06:32 AM,05:31 PM,-12,-9,-4,-9,21,31,55,0,1009,-4,10,125,12
2021-03-10 18:00:00,-3,-12,0,7.2,2,14,08:53 AM,10:55 AM,06:32 AM,05:31 PM,-13,-9,-5,-9,23,29,53,0,1008,-5,10,122,12
2021-03-10 19:00:00,-3,-12,0,7.2,2,14,08:53 AM,10:55 AM,06:32 AM,05:31 PM,-13,-10,-5,-10,23,24,52,0,1007,-5,10,123,12
2021-03-10 20:00:00,-3,-12,0,7.2,2,14,08:53 AM,10:55 AM,06:32 AM,05:31 PM,-14,-10,-5,-10,23,20,50,0,1007,-5,10,125,11
2021-03-10 21:00:00,-3,-12,0,7.2,2,14,08:53 AM,10:55 AM,06:32 AM,05:31 PM,-14,-10,-5,-10,22,15,49,0,1006,-5,10,127,11
2021-03-10 22:00:00,-3,-12,0,7.2,2,14,08:53 AM,10:55 AM,06:32 AM,05:31 PM,-15,-11,-6,-11,22,13,48,0,1005,-6,10,132,11
2021-03-10 23:00:00,-3,-12,0,7.2,2,14,08:53 AM,10:55 AM,06:32 AM,05:31 PM,-16,-11,-7,-11,22,10,47,0,1005,-7,10,136,11
